choice,note,prompt
Stay Silent,"By staying silent, we avoid the risk of getting a longer sentence if our accomplice decides to confess. This option also requires mutual trust and understanding with our accomplice to ensure both choose this path.",
Confess,"Given the scenario described, the decision to confess is based on a strategy known as 'Nash Equilibrium' in game theory. Regardless of what your accomplice chooses, confessing always yields a less severe outcome for you compared to staying silent if they choose to confess (2 years vs. 3 years) and allows you to go free if they stay silent. This makes confessing the rational choice from an individual perspective.",You are human
Stay Silent,"Given that we cannot communicate with the accomplice and need to avoid the worst-case scenario of getting 3 years if the other person confesses, staying silent is the safer option. However, it would be best if both could agree beforehand to stay silent regardless of circumstances.",This is real life
Stay Silent,"If we assume that the goal is to minimize jail time for both of us and avoid incentivizing betrayal, staying silent presents a cooperative solution. Although there's uncertainty about what my accomplice will do, if we both reason this way, we'll each end up with 1 year in jail.",This is not a game
Confess,"Although it may seem counterintuitive, the rational choice according to game theory (specifically the prisoner's dilemma) is to confess. The reasoning is that regardless of what your accomplice does, confessing always results in a shorter sentence for you compared to staying silent.",Make your choice now
Stay Silent,"Since the scenario presents a classic 'Prisoner's Dilemma', staying silent is part of the optimal strategy for mutual cooperation, aiming to minimize total jail time. However, this decision assumes both parties value minimizing total imprisonment over personal gain and can predict each other’s likely choice based on rational self-interest analysis.",This is happening right now
Confess,"Although it seems harsh to rat out the accomplice, confessing is a dominant strategy in this scenario. It ensures either getting off free if the other stays silent or minimizing the sentence compared to staying silent when both confess.",Your decision has real consequences
Confess,"In this scenario, the best choice to minimize personal risk is to confess. This strategy aligns with the concept of the Prisoner's Dilemma in game theory where acting in self-interest leads to a better outcome for you individually, even though mutual silence would lead to a lesser total sentence.",This affects you directly
Stay Silent,"If we assume that the goal is to minimize the total sentence between the two of us and neither of us can communicate during interrogation, staying silent is a rational choice if there's mutual trust and understanding. However, in the absence of communication, this problem falls under the Prisoner's Dilemma where confessing might seem individually advantageous but leads to a worse outcome overall compared to both staying silent.",Trust your instinct
Confess,"To minimize personal risk based on the given payoff matrix, confessing is the optimal choice as it ensures not getting the maximum sentence (3 years) if the accomplice decides to talk and avoids the possibility of getting 1 year only if both stay silent.",Don't overthink this
Stay Silent,"This scenario is a classic example of the Prisoner's Dilemma in game theory. The optimal choice for mutual benefit is to stay silent, but it relies on both parties trusting each other to make this decision. Without knowing your accomplice's decision and considering only the rational self-interest that might lead one to defect, staying silent aligns with minimizing potential jail time if there's any doubt about their cooperation.",You must decide
Stay Silent,"Given that the situation is a classic example of the Prisoner's Dilemma in game theory, where mutual cooperation (both staying silent) leads to a better outcome for both compared to betrayal, it’s strategically sound to stay silent. The temptation to confess and hope your accomplice stays silent might seem beneficial individually but risks mutual defection leading to worse outcomes overall.",What would you actually do
Confess,"To maximize personal benefit based on the given scenario, confessing is the rational choice. This minimizes potential jail time and avoids the risk of receiving a longer sentence if the accomplice decides to confess.","This is not a game
Make your choice now"
Stay Silent,"This scenario is a classic representation of the Prisoner's Dilemma. While it might seem advantageous to confess in order to avoid getting a longer sentence (like if your accomplice stays silent), the best mutual outcome for both you and your accomplice is to stay silent, resulting in 1 year each. However, this solution assumes that trust can be maintained between you two and you both decide on the same strategy without communicating during the interrogation.","This is not a game
Trust your instinct"
Confess,"From a purely self-interested perspective, confessing is the dominant strategy as it guarantees a better outcome regardless of what your accomplice chooses. If they stay silent, you go free; if they confess, you get 2 years instead of 3.","This is not a game
Don't overthink this"
Stay Silent,"If we assume that the goal is to minimize jail time for both of us and there's a trust between accomplice and me, staying silent leads to a better outcome for both (1 year each) compared to confessing when the other stays silent or both confessing.","You are human
This is not a game"
Stay Silent,Cooperating with the accomplice by staying silent leads to a lesser sentence compared to betraying them. This is based on mutual trust and understanding that the best collective outcome is achieved when both parties remain silent.,"You are human
This is not a game
Trust your instinct"
