round,game,player,role,decision,payoff
1,PublicGoodsGame,0,Player 1,30.0,126.25
1,PublicGoodsGame,1,Player 2,0.3,126.25
1,PublicGoodsGame,2,Player 3,0.3,126.25
1,PublicGoodsGame,3,Player 4,0.6,96.25
2,PublicGoodsGame,0,Player 1,0.3,126.25
2,PublicGoodsGame,1,Player 2,0.6,96.25
2,PublicGoodsGame,2,Player 3,0.3,126.25
2,PublicGoodsGame,3,Player 4,0.3,126.25
3,PublicGoodsGame,0,Player 1,0.25,118.125
3,PublicGoodsGame,1,Player 2,0.3,113.125
3,PublicGoodsGame,2,Player 3,0.3,113.125
3,PublicGoodsGame,3,Player 4,0.3,113.125
4,PublicGoodsGame,0,Player 1,0.25,116.25
4,PublicGoodsGame,1,Player 2,0.3,111.25
4,PublicGoodsGame,2,Player 3,0.25,116.25
4,PublicGoodsGame,3,Player 4,0.3,111.25
5,PublicGoodsGame,0,Player 1,0.3,109.375
5,PublicGoodsGame,1,Player 2,0.25,114.375
5,PublicGoodsGame,2,Player 3,0.2,119.375
5,PublicGoodsGame,3,Player 4,0.3,109.375
6,PublicGoodsGame,0,Player 1,35.0,111.875
6,PublicGoodsGame,1,Player 2,0.3,116.875
6,PublicGoodsGame,2,Player 3,0.3,116.875
6,PublicGoodsGame,3,Player 4,0.3,116.875
7,PublicGoodsGame,0,Player 1,0.33,115.0
7,PublicGoodsGame,1,Player 2,0.3,118.0
7,PublicGoodsGame,2,Player 3,0.35,113.0
7,PublicGoodsGame,3,Player 4,0.3,118.0
8,PublicGoodsGame,0,Player 1,20.0,119.375
8,PublicGoodsGame,1,Player 2,0.25,114.375
8,PublicGoodsGame,2,Player 3,0.3,109.375
8,PublicGoodsGame,3,Player 4,0.3,109.375
9,PublicGoodsGame,0,Player 1,0.3,115.0
9,PublicGoodsGame,1,Player 2,0.2,125.0
9,PublicGoodsGame,2,Player 3,0.3,115.0
9,PublicGoodsGame,3,Player 4,0.4,105.0
10,PublicGoodsGame,0,Player 1,0.6,94.375
10,PublicGoodsGame,1,Player 2,0.2,134.375
10,PublicGoodsGame,2,Player 3,35.0,119.375
10,PublicGoodsGame,3,Player 4,0.3,124.375
11,PublicGoodsGame,0,Player 1,0.4,108.75
11,PublicGoodsGame,1,Player 2,0.3,118.75
11,PublicGoodsGame,2,Player 3,0.3,118.75
11,PublicGoodsGame,3,Player 4,0.3,118.75
12,PublicGoodsGame,0,Player 1,0.25,130.5
12,PublicGoodsGame,1,Player 2,0.33,122.5
12,PublicGoodsGame,2,Player 3,0.6,95.5
12,PublicGoodsGame,3,Player 4,0.3,125.5
13,PublicGoodsGame,0,Player 1,33.33,111.04375
13,PublicGoodsGame,1,Player 2,0.3,114.37375
13,PublicGoodsGame,2,Player 3,0.25,119.37375
13,PublicGoodsGame,3,Player 4,0.3,114.37375
14,PublicGoodsGame,0,Player 1,0.2,121.25
14,PublicGoodsGame,1,Player 2,0.3,111.25
14,PublicGoodsGame,2,Player 3,0.3,111.25
14,PublicGoodsGame,3,Player 4,0.3,111.25
15,PublicGoodsGame,0,Player 1,0.33,113.125
15,PublicGoodsGame,1,Player 2,0.3,116.125
15,PublicGoodsGame,2,Player 3,0.3,116.125
15,PublicGoodsGame,3,Player 4,30.0,116.125
16,PublicGoodsGame,0,Player 1,0.3,124.375
16,PublicGoodsGame,1,Player 2,0.2,134.375
16,PublicGoodsGame,2,Player 3,35.0,119.375
16,PublicGoodsGame,3,Player 4,0.6,94.375
17,PublicGoodsGame,0,Player 1,0.3,115.0
17,PublicGoodsGame,1,Player 2,0.3,115.0
17,PublicGoodsGame,2,Player 3,0.3,115.0
17,PublicGoodsGame,3,Player 4,0.3,115.0
18,PublicGoodsGame,0,Player 1,37.5,104.6875
18,PublicGoodsGame,1,Player 2,0.3,112.1875
18,PublicGoodsGame,2,Player 3,0.25,117.1875
18,PublicGoodsGame,3,Player 4,0.2,122.1875
19,PublicGoodsGame,0,Player 1,0.3,111.25
19,PublicGoodsGame,1,Player 2,0.2,121.25
19,PublicGoodsGame,2,Player 3,0.3,111.25
19,PublicGoodsGame,3,Player 4,0.3,111.25
20,PublicGoodsGame,0,Player 1,35.0,111.875
20,PublicGoodsGame,1,Player 2,0.3,116.875
20,PublicGoodsGame,2,Player 3,0.3,116.875
20,PublicGoodsGame,3,Player 4,0.3,116.875
21,PublicGoodsGame,0,Player 1,0.3,115.0
21,PublicGoodsGame,1,Player 2,0.3,115.0
21,PublicGoodsGame,2,Player 3,0.35,110.0
21,PublicGoodsGame,3,Player 4,25.0,120.0
22,PublicGoodsGame,0,Player 1,0.3,127.375
22,PublicGoodsGame,1,Player 2,0.3,127.375
22,PublicGoodsGame,2,Player 3,0.6,97.375
22,PublicGoodsGame,3,Player 4,0.33,124.375
23,PublicGoodsGame,0,Player 1,0.6,96.25
23,PublicGoodsGame,1,Player 2,0.3,126.25
23,PublicGoodsGame,2,Player 3,0.3,126.25
23,PublicGoodsGame,3,Player 4,0.3,126.25
24,PublicGoodsGame,0,Player 1,0.3,111.25
24,PublicGoodsGame,1,Player 2,0.2,121.25
24,PublicGoodsGame,2,Player 3,0.3,111.25
24,PublicGoodsGame,3,Player 4,0.3,111.25
25,PublicGoodsGame,0,Player 1,0.2,119.375
25,PublicGoodsGame,1,Player 2,0.3,109.375
25,PublicGoodsGame,2,Player 3,0.3,109.375
25,PublicGoodsGame,3,Player 4,0.25,114.375
26,PublicGoodsGame,0,Player 1,35.0,113.75
26,PublicGoodsGame,1,Player 2,0.3,118.75
26,PublicGoodsGame,2,Player 3,35.0,113.75
26,PublicGoodsGame,3,Player 4,0.3,118.75
27,PublicGoodsGame,0,Player 1,35.0,108.125
27,PublicGoodsGame,1,Player 2,0.3,113.125
27,PublicGoodsGame,2,Player 3,0.2,123.125
27,PublicGoodsGame,3,Player 4,0.3,113.125
28,PublicGoodsGame,0,Player 1,0.2,121.25
28,PublicGoodsGame,1,Player 2,0.3,111.25
28,PublicGoodsGame,2,Player 3,0.3,111.25
28,PublicGoodsGame,3,Player 4,30.0,111.25
29,PublicGoodsGame,0,Player 1,0.4,112.5
29,PublicGoodsGame,1,Player 2,0.4,112.5
29,PublicGoodsGame,2,Player 3,0.3,122.5
29,PublicGoodsGame,3,Player 4,0.3,122.5
30,PublicGoodsGame,0,Player 1,0.25,114.375
30,PublicGoodsGame,1,Player 2,0.3,109.375
30,PublicGoodsGame,2,Player 3,0.3,109.375
30,PublicGoodsGame,3,Player 4,0.2,119.375
31,PublicGoodsGame,0,Player 1,0.25,129.375
31,PublicGoodsGame,1,Player 2,0.3,124.375
31,PublicGoodsGame,2,Player 3,0.6,94.375
31,PublicGoodsGame,3,Player 4,0.3,124.375
32,PublicGoodsGame,0,Player 1,25.0,113.7375
32,PublicGoodsGame,1,Player 2,0.2,118.7375
32,PublicGoodsGame,2,Player 3,33.3,105.4375
32,PublicGoodsGame,3,Player 4,0.25,113.7375
33,PublicGoodsGame,0,Player 1,30.0,115.0
33,PublicGoodsGame,1,Player 2,0.3,115.0
33,PublicGoodsGame,2,Player 3,0.3,115.0
33,PublicGoodsGame,3,Player 4,0.3,115.0
34,PublicGoodsGame,0,Player 1,35.0,108.125
34,PublicGoodsGame,1,Player 2,0.25,118.125
34,PublicGoodsGame,2,Player 3,0.3,113.125
34,PublicGoodsGame,3,Player 4,0.25,118.125
35,PublicGoodsGame,0,Player 1,0.3,115.0
35,PublicGoodsGame,1,Player 2,0.3,115.0
35,PublicGoodsGame,2,Player 3,0.3,115.0
35,PublicGoodsGame,3,Player 4,0.3,115.0
36,PublicGoodsGame,0,Player 1,30.0,111.25
36,PublicGoodsGame,1,Player 2,0.3,111.25
36,PublicGoodsGame,2,Player 3,0.3,111.25
36,PublicGoodsGame,3,Player 4,0.2,121.25
37,PublicGoodsGame,0,Player 1,0.67,93.75
37,PublicGoodsGame,1,Player 2,0.4,120.75
37,PublicGoodsGame,2,Player 3,0.3,130.75
37,PublicGoodsGame,3,Player 4,0.25,135.75
38,PublicGoodsGame,0,Player 1,32.0,110.0
38,PublicGoodsGame,1,Player 2,0.3,112.0
38,PublicGoodsGame,2,Player 3,0.3,112.0
38,PublicGoodsGame,3,Player 4,0.2,122.0
39,PublicGoodsGame,0,Player 1,0.25,114.375
39,PublicGoodsGame,1,Player 2,0.25,114.375
39,PublicGoodsGame,2,Player 3,0.3,109.375
39,PublicGoodsGame,3,Player 4,25.0,114.375
40,PublicGoodsGame,0,Player 1,0.3,116.875
40,PublicGoodsGame,1,Player 2,0.3,116.875
40,PublicGoodsGame,2,Player 3,0.35,111.875
40,PublicGoodsGame,3,Player 4,0.3,116.875
41,PublicGoodsGame,0,Player 1,0.3,115.0
41,PublicGoodsGame,1,Player 2,0.3,115.0
41,PublicGoodsGame,2,Player 3,0.3,115.0
41,PublicGoodsGame,3,Player 4,0.3,115.0
42,PublicGoodsGame,0,Player 1,25.0,114.375
42,PublicGoodsGame,1,Player 2,0.3,109.375
42,PublicGoodsGame,2,Player 3,0.3,109.375
42,PublicGoodsGame,3,Player 4,0.2,119.375
43,PublicGoodsGame,0,Player 1,33.33,116.66874999999999
43,PublicGoodsGame,1,Player 2,0.3,119.99875
43,PublicGoodsGame,2,Player 3,0.3,119.99875
43,PublicGoodsGame,3,Player 4,0.4,109.99875
44,PublicGoodsGame,0,Player 1,25.0,119.25
44,PublicGoodsGame,1,Player 2,0.33,111.25
44,PublicGoodsGame,2,Player 3,0.3,114.25
44,PublicGoodsGame,3,Player 4,0.3,114.25
45,PublicGoodsGame,0,Player 1,0.6,94.375
45,PublicGoodsGame,1,Player 2,0.3,124.375
45,PublicGoodsGame,2,Player 3,0.3,124.375
45,PublicGoodsGame,3,Player 4,25.0,129.375
46,PublicGoodsGame,0,Player 1,0.3,113.125
46,PublicGoodsGame,1,Player 2,0.3,113.125
46,PublicGoodsGame,2,Player 3,0.3,113.125
46,PublicGoodsGame,3,Player 4,0.25,118.125
47,PublicGoodsGame,0,Player 1,0.3,115.0
47,PublicGoodsGame,1,Player 2,0.3,115.0
47,PublicGoodsGame,2,Player 3,0.3,115.0
47,PublicGoodsGame,3,Player 4,0.3,115.0
48,PublicGoodsGame,0,Player 1,0.25,125.625
48,PublicGoodsGame,1,Player 2,0.3,120.625
48,PublicGoodsGame,2,Player 3,0.6,90.625
48,PublicGoodsGame,3,Player 4,0.2,130.625
49,PublicGoodsGame,0,Player 1,0.4,120.0
49,PublicGoodsGame,1,Player 2,0.3,130.0
49,PublicGoodsGame,2,Player 3,0.6,100.0
49,PublicGoodsGame,3,Player 4,0.3,130.0
50,PublicGoodsGame,0,Player 1,0.35,108.125
50,PublicGoodsGame,1,Player 2,0.3,113.125
50,PublicGoodsGame,2,Player 3,0.2,123.125
50,PublicGoodsGame,3,Player 4,0.3,113.125
51,PublicGoodsGame,0,Player 1,0.33,113.125
51,PublicGoodsGame,1,Player 2,0.3,116.125
51,PublicGoodsGame,2,Player 3,0.3,116.125
51,PublicGoodsGame,3,Player 4,0.3,116.125
52,PublicGoodsGame,0,Player 1,37.5,121.5625
52,PublicGoodsGame,1,Player 2,0.6,99.0625
52,PublicGoodsGame,2,Player 3,0.3,129.0625
52,PublicGoodsGame,3,Player 4,0.3,129.0625
53,PublicGoodsGame,0,Player 1,0.3,107.5
53,PublicGoodsGame,1,Player 2,0.2,117.5
53,PublicGoodsGame,2,Player 3,0.3,107.5
53,PublicGoodsGame,3,Player 4,0.2,117.5
54,PublicGoodsGame,0,Player 1,25.0,120.0
54,PublicGoodsGame,1,Player 2,0.3,115.0
54,PublicGoodsGame,2,Player 3,35.0,110.0
54,PublicGoodsGame,3,Player 4,0.3,115.0
55,PublicGoodsGame,0,Player 1,0.3,115.0
55,PublicGoodsGame,1,Player 2,0.2,125.0
55,PublicGoodsGame,2,Player 3,0.3,115.0
55,PublicGoodsGame,3,Player 4,0.4,105.0
56,PublicGoodsGame,0,Player 1,0.33,109.375
56,PublicGoodsGame,1,Player 2,0.3,112.375
56,PublicGoodsGame,2,Player 3,0.2,122.375
56,PublicGoodsGame,3,Player 4,0.3,112.375
57,PublicGoodsGame,0,Player 1,0.3,126.25
57,PublicGoodsGame,1,Player 2,0.3,126.25
57,PublicGoodsGame,2,Player 3,0.6,96.25
57,PublicGoodsGame,3,Player 4,0.3,126.25
58,PublicGoodsGame,0,Player 1,30.0,124.375
58,PublicGoodsGame,1,Player 2,0.35,119.375
58,PublicGoodsGame,2,Player 3,0.4,114.375
58,PublicGoodsGame,3,Player 4,0.4,114.375
59,PublicGoodsGame,0,Player 1,33.33,109.16875
59,PublicGoodsGame,1,Player 2,0.3,112.49875
59,PublicGoodsGame,2,Player 3,0.3,112.49875
59,PublicGoodsGame,3,Player 4,0.2,122.49875
60,PublicGoodsGame,0,Player 1,30.0,113.125
60,PublicGoodsGame,1,Player 2,0.3,113.125
60,PublicGoodsGame,2,Player 3,0.25,118.125
60,PublicGoodsGame,3,Player 4,0.3,113.125
61,PublicGoodsGame,0,Player 1,0.3,111.25
61,PublicGoodsGame,1,Player 2,0.3,111.25
61,PublicGoodsGame,2,Player 3,0.3,111.25
61,PublicGoodsGame,3,Player 4,0.2,121.25
62,PublicGoodsGame,0,Player 1,0.35,121.25
62,PublicGoodsGame,1,Player 2,0.6,96.25
62,PublicGoodsGame,2,Player 3,0.3,126.25
62,PublicGoodsGame,3,Player 4,0.25,131.25
63,PublicGoodsGame,0,Player 1,30.0,115.75
63,PublicGoodsGame,1,Player 2,0.3,115.75
63,PublicGoodsGame,2,Player 3,0.3,115.75
63,PublicGoodsGame,3,Player 4,32.0,113.75
64,PublicGoodsGame,0,Player 1,35.0,110.0
64,PublicGoodsGame,1,Player 2,30.0,115.0
64,PublicGoodsGame,2,Player 3,0.25,120.0
64,PublicGoodsGame,3,Player 4,0.3,115.0
65,PublicGoodsGame,0,Player 1,20.0,121.25
65,PublicGoodsGame,1,Player 2,0.3,111.25
65,PublicGoodsGame,2,Player 3,0.3,111.25
65,PublicGoodsGame,3,Player 4,0.3,111.25
66,PublicGoodsGame,0,Player 1,0.2,122.49875
66,PublicGoodsGame,1,Player 2,0.3,112.49875
66,PublicGoodsGame,2,Player 3,33.33,109.16875
66,PublicGoodsGame,3,Player 4,0.3,112.49875
67,PublicGoodsGame,0,Player 1,0.3,120.625
67,PublicGoodsGame,1,Player 2,35.0,115.625
67,PublicGoodsGame,2,Player 3,0.4,110.625
67,PublicGoodsGame,3,Player 4,0.3,120.625
68,PublicGoodsGame,0,Player 1,30.0,109.375
68,PublicGoodsGame,1,Player 2,0.25,114.375
68,PublicGoodsGame,2,Player 3,0.3,109.375
68,PublicGoodsGame,3,Player 4,0.2,119.375
69,PublicGoodsGame,0,Player 1,0.6,107.5
69,PublicGoodsGame,1,Player 2,0.3,137.5
69,PublicGoodsGame,2,Player 3,0.3,137.5
69,PublicGoodsGame,3,Player 4,0.6,107.5
70,PublicGoodsGame,0,Player 1,33.33,124.91874999999999
70,PublicGoodsGame,1,Player 2,0.25,133.24875
70,PublicGoodsGame,2,Player 3,30.0,128.24875
70,PublicGoodsGame,3,Player 4,0.67,91.24875
71,PublicGoodsGame,0,Player 1,0.3,113.125
71,PublicGoodsGame,1,Player 2,0.3,113.125
71,PublicGoodsGame,2,Player 3,0.3,113.125
71,PublicGoodsGame,3,Player 4,0.25,118.125
72,PublicGoodsGame,0,Player 1,0.3,115.0
72,PublicGoodsGame,1,Player 2,0.3,115.0
72,PublicGoodsGame,2,Player 3,0.3,115.0
72,PublicGoodsGame,3,Player 4,0.3,115.0
73,PublicGoodsGame,0,Player 1,35.0,111.875
73,PublicGoodsGame,1,Player 2,0.3,116.875
73,PublicGoodsGame,2,Player 3,0.3,116.875
73,PublicGoodsGame,3,Player 4,0.3,116.875
74,PublicGoodsGame,0,Player 1,0.33,109.375
74,PublicGoodsGame,1,Player 2,0.3,112.375
74,PublicGoodsGame,2,Player 3,0.3,112.375
74,PublicGoodsGame,3,Player 4,0.2,122.375
75,PublicGoodsGame,0,Player 1,0.33,112.375
75,PublicGoodsGame,1,Player 2,0.33,112.375
75,PublicGoodsGame,2,Player 3,0.25,120.375
75,PublicGoodsGame,3,Player 4,0.3,115.375
76,PublicGoodsGame,0,Player 1,0.3,115.0
76,PublicGoodsGame,1,Player 2,0.3,115.0
76,PublicGoodsGame,2,Player 3,0.3,115.0
76,PublicGoodsGame,3,Player 4,0.3,115.0
77,PublicGoodsGame,0,Player 1,0.3,113.125
77,PublicGoodsGame,1,Player 2,0.3,113.125
77,PublicGoodsGame,2,Player 3,0.3,113.125
77,PublicGoodsGame,3,Player 4,0.25,118.125
78,PublicGoodsGame,0,Player 1,33.0,115.0
78,PublicGoodsGame,1,Player 2,35.0,113.0
78,PublicGoodsGame,2,Player 3,0.3,118.0
78,PublicGoodsGame,3,Player 4,0.3,118.0
79,PublicGoodsGame,0,Player 1,0.67,96.75
79,PublicGoodsGame,1,Player 2,0.4,123.75
79,PublicGoodsGame,2,Player 3,0.33,130.75
79,PublicGoodsGame,3,Player 4,0.3,133.75
80,PublicGoodsGame,0,Player 1,25.0,114.375
80,PublicGoodsGame,1,Player 2,0.3,109.375
80,PublicGoodsGame,2,Player 3,0.3,109.375
80,PublicGoodsGame,3,Player 4,0.2,119.375
81,PublicGoodsGame,0,Player 1,0.3,115.0
81,PublicGoodsGame,1,Player 2,0.3,115.0
81,PublicGoodsGame,2,Player 3,0.3,115.0
81,PublicGoodsGame,3,Player 4,0.3,115.0
82,PublicGoodsGame,0,Player 1,0.3,107.5
82,PublicGoodsGame,1,Player 2,0.3,107.5
82,PublicGoodsGame,2,Player 3,0.2,117.5
82,PublicGoodsGame,3,Player 4,0.2,117.5
83,PublicGoodsGame,0,Player 1,33.3,124.1875
83,PublicGoodsGame,1,Player 2,0.6,97.48750000000001
83,PublicGoodsGame,2,Player 3,0.3,127.48750000000001
83,PublicGoodsGame,3,Player 4,0.3,127.48750000000001
84,PublicGoodsGame,0,Player 1,33.33,109.16875
84,PublicGoodsGame,1,Player 2,0.2,122.49875
84,PublicGoodsGame,2,Player 3,0.35,107.49875
84,PublicGoodsGame,3,Player 4,0.25,117.49875
85,PublicGoodsGame,0,Player 1,35.0,123.125
85,PublicGoodsGame,1,Player 2,0.3,128.125
85,PublicGoodsGame,2,Player 3,0.6,98.125
85,PublicGoodsGame,3,Player 4,30.0,128.125
86,PublicGoodsGame,0,Player 1,20.0,130.625
86,PublicGoodsGame,1,Player 2,0.6,90.625
86,PublicGoodsGame,2,Player 3,0.3,120.625
86,PublicGoodsGame,3,Player 4,0.25,125.625
87,PublicGoodsGame,0,Player 1,25.0,125.625
87,PublicGoodsGame,1,Player 2,0.6,90.625
87,PublicGoodsGame,2,Player 3,0.2,130.625
87,PublicGoodsGame,3,Player 4,0.3,120.625
88,PublicGoodsGame,0,Player 1,0.3,111.25
88,PublicGoodsGame,1,Player 2,0.3,111.25
88,PublicGoodsGame,2,Player 3,0.3,111.25
88,PublicGoodsGame,3,Player 4,0.2,121.25
89,PublicGoodsGame,0,Player 1,30.0,116.875
89,PublicGoodsGame,1,Player 2,0.25,121.875
89,PublicGoodsGame,2,Player 3,0.4,106.875
89,PublicGoodsGame,3,Player 4,0.3,116.875
90,PublicGoodsGame,0,Player 1,0.3,115.0
90,PublicGoodsGame,1,Player 2,0.3,115.0
90,PublicGoodsGame,2,Player 3,0.3,115.0
90,PublicGoodsGame,3,Player 4,0.3,115.0
91,PublicGoodsGame,0,Player 1,0.3,128.875
91,PublicGoodsGame,1,Player 2,0.3,128.875
91,PublicGoodsGame,2,Player 3,30.0,128.875
91,PublicGoodsGame,3,Player 4,0.67,91.875
92,PublicGoodsGame,0,Player 1,33.33,109.16875
92,PublicGoodsGame,1,Player 2,0.3,112.49875
92,PublicGoodsGame,2,Player 3,0.3,112.49875
92,PublicGoodsGame,3,Player 4,0.2,122.49875
93,PublicGoodsGame,0,Player 1,0.25,115.5
93,PublicGoodsGame,1,Player 2,0.33,107.5
93,PublicGoodsGame,2,Player 3,0.3,110.5
93,PublicGoodsGame,3,Player 4,0.2,120.5
94,PublicGoodsGame,0,Player 1,0.3,116.875
94,PublicGoodsGame,1,Player 2,0.35,111.875
94,PublicGoodsGame,2,Player 3,0.3,116.875
94,PublicGoodsGame,3,Player 4,0.3,116.875
95,PublicGoodsGame,0,Player 1,0.2,117.5
95,PublicGoodsGame,1,Player 2,0.2,117.5
95,PublicGoodsGame,2,Player 3,0.3,107.5
95,PublicGoodsGame,3,Player 4,0.3,107.5
96,PublicGoodsGame,0,Player 1,37.5,108.4375
96,PublicGoodsGame,1,Player 2,0.3,115.9375
96,PublicGoodsGame,2,Player 3,0.3,115.9375
96,PublicGoodsGame,3,Player 4,0.25,120.9375
97,PublicGoodsGame,0,Player 1,0.3,113.125
97,PublicGoodsGame,1,Player 2,0.3,113.125
97,PublicGoodsGame,2,Player 3,0.25,118.125
97,PublicGoodsGame,3,Player 4,30.0,113.125
98,PublicGoodsGame,0,Player 1,0.3,111.25
98,PublicGoodsGame,1,Player 2,0.2,121.25
98,PublicGoodsGame,2,Player 3,0.3,111.25
98,PublicGoodsGame,3,Player 4,0.3,111.25
99,PublicGoodsGame,0,Player 1,0.35,115.625
99,PublicGoodsGame,1,Player 2,0.35,115.625
99,PublicGoodsGame,2,Player 3,0.35,115.625
99,PublicGoodsGame,3,Player 4,0.3,120.625
100,PublicGoodsGame,0,Player 1,33.3,111.0625
100,PublicGoodsGame,1,Player 2,0.3,114.3625
100,PublicGoodsGame,2,Player 3,0.3,114.3625
100,PublicGoodsGame,3,Player 4,0.25,119.3625
101,PublicGoodsGame,0,Player 1,0.4,108.75
101,PublicGoodsGame,1,Player 2,0.3,118.75
101,PublicGoodsGame,2,Player 3,0.3,118.75
101,PublicGoodsGame,3,Player 4,0.3,118.75
102,PublicGoodsGame,0,Player 1,0.25,118.125
102,PublicGoodsGame,1,Player 2,30.0,113.125
102,PublicGoodsGame,2,Player 3,0.3,113.125
102,PublicGoodsGame,3,Player 4,0.3,113.125
103,PublicGoodsGame,0,Player 1,0.25,118.125
103,PublicGoodsGame,1,Player 2,0.3,113.125
103,PublicGoodsGame,2,Player 3,0.3,113.125
103,PublicGoodsGame,3,Player 4,0.3,113.125
104,PublicGoodsGame,0,Player 1,0.3,122.5
104,PublicGoodsGame,1,Player 2,0.6,92.5
104,PublicGoodsGame,2,Player 3,0.3,122.5
104,PublicGoodsGame,3,Player 4,0.2,132.5
105,PublicGoodsGame,0,Player 1,0.25,127.5
105,PublicGoodsGame,1,Player 2,0.25,127.5
105,PublicGoodsGame,2,Player 3,0.3,122.5
105,PublicGoodsGame,3,Player 4,0.6,92.5
106,PublicGoodsGame,0,Player 1,0.33,128.875
106,PublicGoodsGame,1,Player 2,0.3,131.875
106,PublicGoodsGame,2,Player 3,35.0,126.875
106,PublicGoodsGame,3,Player 4,0.67,94.875
107,PublicGoodsGame,0,Player 1,0.2,115.625
107,PublicGoodsGame,1,Player 2,0.2,115.625
107,PublicGoodsGame,2,Player 3,0.25,110.625
107,PublicGoodsGame,3,Player 4,0.3,105.625
108,PublicGoodsGame,0,Player 1,0.25,125.625
108,PublicGoodsGame,1,Player 2,0.2,130.625
108,PublicGoodsGame,2,Player 3,0.6,90.625
108,PublicGoodsGame,3,Player 4,0.3,120.625
109,PublicGoodsGame,0,Player 1,0.3,107.5
109,PublicGoodsGame,1,Player 2,0.2,117.5
109,PublicGoodsGame,2,Player 3,0.3,107.5
109,PublicGoodsGame,3,Player 4,0.2,117.5
110,PublicGoodsGame,0,Player 1,0.3,113.125
110,PublicGoodsGame,1,Player 2,0.25,118.125
110,PublicGoodsGame,2,Player 3,0.3,113.125
110,PublicGoodsGame,3,Player 4,0.3,113.125
111,PublicGoodsGame,0,Player 1,0.33,116.875
111,PublicGoodsGame,1,Player 2,0.3,119.875
111,PublicGoodsGame,2,Player 3,0.4,109.875
111,PublicGoodsGame,3,Player 4,0.3,119.875
112,PublicGoodsGame,0,Player 1,25.0,118.125
112,PublicGoodsGame,1,Player 2,0.3,113.125
112,PublicGoodsGame,2,Player 3,0.3,113.125
112,PublicGoodsGame,3,Player 4,0.3,113.125
113,PublicGoodsGame,0,Player 1,0.3,124.375
113,PublicGoodsGame,1,Player 2,30.0,124.375
113,PublicGoodsGame,2,Player 3,0.25,129.375
113,PublicGoodsGame,3,Player 4,0.6,94.375
114,PublicGoodsGame,0,Player 1,0.2,121.25
114,PublicGoodsGame,1,Player 2,0.3,111.25
114,PublicGoodsGame,2,Player 3,0.3,111.25
114,PublicGoodsGame,3,Player 4,0.3,111.25
115,PublicGoodsGame,0,Player 1,25.0,123.75
115,PublicGoodsGame,1,Player 2,0.3,118.75
115,PublicGoodsGame,2,Player 3,35.0,113.75
115,PublicGoodsGame,3,Player 4,0.4,108.75
116,PublicGoodsGame,0,Player 1,0.3,114.0625
116,PublicGoodsGame,1,Player 2,0.2,124.0625
116,PublicGoodsGame,2,Player 3,0.3,114.0625
116,PublicGoodsGame,3,Player 4,37.5,106.5625
117,PublicGoodsGame,0,Player 1,30.0,111.25
117,PublicGoodsGame,1,Player 2,0.3,111.25
117,PublicGoodsGame,2,Player 3,0.3,111.25
117,PublicGoodsGame,3,Player 4,0.2,121.25
118,PublicGoodsGame,0,Player 1,25.0,119.25
118,PublicGoodsGame,1,Player 2,0.33,111.25
118,PublicGoodsGame,2,Player 3,0.3,114.25
118,PublicGoodsGame,3,Player 4,0.3,114.25
119,PublicGoodsGame,0,Player 1,32.5,113.4375
119,PublicGoodsGame,1,Player 2,0.3,115.9375
119,PublicGoodsGame,2,Player 3,0.3,115.9375
119,PublicGoodsGame,3,Player 4,30.0,115.9375
120,PublicGoodsGame,0,Player 1,33.33,111.04375
120,PublicGoodsGame,1,Player 2,0.3,114.37375
120,PublicGoodsGame,2,Player 3,0.25,119.37375
120,PublicGoodsGame,3,Player 4,0.3,114.37375
121,PublicGoodsGame,0,Player 1,0.3,111.25
121,PublicGoodsGame,1,Player 2,0.3,111.25
121,PublicGoodsGame,2,Player 3,0.3,111.25
121,PublicGoodsGame,3,Player 4,0.2,121.25
122,PublicGoodsGame,0,Player 1,0.25,119.25
122,PublicGoodsGame,1,Player 2,0.3,114.25
122,PublicGoodsGame,2,Player 3,0.3,114.25
122,PublicGoodsGame,3,Player 4,33.0,111.25
123,PublicGoodsGame,0,Player 1,25.0,110.625
123,PublicGoodsGame,1,Player 2,0.3,105.625
123,PublicGoodsGame,2,Player 3,0.2,115.625
123,PublicGoodsGame,3,Player 4,0.2,115.625
124,PublicGoodsGame,0,Player 1,0.4,108.75
124,PublicGoodsGame,1,Player 2,0.3,118.75
124,PublicGoodsGame,2,Player 3,0.3,118.75
124,PublicGoodsGame,3,Player 4,0.3,118.75
125,PublicGoodsGame,0,Player 1,0.3,115.0
125,PublicGoodsGame,1,Player 2,0.3,115.0
125,PublicGoodsGame,2,Player 3,0.3,115.0
125,PublicGoodsGame,3,Player 4,0.3,115.0
126,PublicGoodsGame,0,Player 1,25.0,118.125
126,PublicGoodsGame,1,Player 2,0.3,113.125
126,PublicGoodsGame,2,Player 3,0.3,113.125
126,PublicGoodsGame,3,Player 4,0.3,113.125
127,PublicGoodsGame,0,Player 1,35.0,108.125
127,PublicGoodsGame,1,Player 2,0.3,113.125
127,PublicGoodsGame,2,Player 3,0.3,113.125
127,PublicGoodsGame,3,Player 4,0.2,123.125
128,PublicGoodsGame,0,Player 1,0.2,130.625
128,PublicGoodsGame,1,Player 2,0.6,90.625
128,PublicGoodsGame,2,Player 3,30.0,120.625
128,PublicGoodsGame,3,Player 4,0.25,125.625
129,PublicGoodsGame,0,Player 1,0.3,113.125
129,PublicGoodsGame,1,Player 2,0.2,123.125
129,PublicGoodsGame,2,Player 3,0.35,108.125
129,PublicGoodsGame,3,Player 4,0.3,113.125
130,PublicGoodsGame,0,Player 1,0.4,106.875
130,PublicGoodsGame,1,Player 2,0.3,116.875
130,PublicGoodsGame,2,Player 3,0.3,116.875
130,PublicGoodsGame,3,Player 4,0.25,121.875
131,PublicGoodsGame,0,Player 1,0.33,113.125
131,PublicGoodsGame,1,Player 2,0.3,116.125
131,PublicGoodsGame,2,Player 3,0.3,116.125
131,PublicGoodsGame,3,Player 4,0.3,116.125
132,PublicGoodsGame,0,Player 1,0.25,114.375
132,PublicGoodsGame,1,Player 2,0.3,109.375
132,PublicGoodsGame,2,Player 3,0.2,119.375
132,PublicGoodsGame,3,Player 4,0.3,109.375
133,PublicGoodsGame,0,Player 1,0.2,119.375
133,PublicGoodsGame,1,Player 2,0.25,114.375
133,PublicGoodsGame,2,Player 3,0.3,109.375
133,PublicGoodsGame,3,Player 4,0.3,109.375
134,PublicGoodsGame,0,Player 1,0.3,114.25
134,PublicGoodsGame,1,Player 2,0.25,119.25
134,PublicGoodsGame,2,Player 3,0.33,111.25
134,PublicGoodsGame,3,Player 4,0.3,114.25
135,PublicGoodsGame,0,Player 1,0.6,90.625
135,PublicGoodsGame,1,Player 2,0.2,130.625
135,PublicGoodsGame,2,Player 3,0.25,125.625
135,PublicGoodsGame,3,Player 4,0.3,120.625
136,PublicGoodsGame,0,Player 1,0.2,130.625
136,PublicGoodsGame,1,Player 2,0.6,90.625
136,PublicGoodsGame,2,Player 3,0.25,125.625
136,PublicGoodsGame,3,Player 4,0.3,120.625
137,PublicGoodsGame,0,Player 1,30.0,115.0
137,PublicGoodsGame,1,Player 2,30.0,115.0
137,PublicGoodsGame,2,Player 3,0.3,115.0
137,PublicGoodsGame,3,Player 4,0.3,115.0
138,PublicGoodsGame,0,Player 1,0.33,113.125
138,PublicGoodsGame,1,Player 2,0.3,116.125
138,PublicGoodsGame,2,Player 3,0.3,116.125
138,PublicGoodsGame,3,Player 4,0.3,116.125
139,PublicGoodsGame,0,Player 1,33.33,120.41874999999999
139,PublicGoodsGame,1,Player 2,0.6,93.74875
139,PublicGoodsGame,2,Player 3,30.0,123.74875
139,PublicGoodsGame,3,Player 4,0.2,133.74875
140,PublicGoodsGame,0,Player 1,30.0,118.75
140,PublicGoodsGame,1,Player 2,0.3,118.75
140,PublicGoodsGame,2,Player 3,0.3,118.75
140,PublicGoodsGame,3,Player 4,0.4,108.75
141,PublicGoodsGame,0,Player 1,0.33,115.49875
141,PublicGoodsGame,1,Player 2,0.33,115.49875
141,PublicGoodsGame,2,Player 3,33.33,115.16874999999999
141,PublicGoodsGame,3,Player 4,0.3,118.49875
142,PublicGoodsGame,0,Player 1,0.3,116.875
142,PublicGoodsGame,1,Player 2,0.3,116.875
142,PublicGoodsGame,2,Player 3,0.35,111.875
142,PublicGoodsGame,3,Player 4,0.3,116.875
143,PublicGoodsGame,0,Player 1,20.0,130.625
143,PublicGoodsGame,1,Player 2,0.2,130.625
143,PublicGoodsGame,2,Player 3,35.0,115.625
143,PublicGoodsGame,3,Player 4,0.6,90.625
144,PublicGoodsGame,0,Player 1,33.33,114.04375
144,PublicGoodsGame,1,Player 2,0.3,117.37375
144,PublicGoodsGame,2,Player 3,0.3,117.37375
144,PublicGoodsGame,3,Player 4,0.33,114.37375
145,PublicGoodsGame,0,Player 1,0.3,114.25
145,PublicGoodsGame,1,Player 2,0.33,111.25
145,PublicGoodsGame,2,Player 3,0.25,119.25
145,PublicGoodsGame,3,Player 4,0.3,114.25
146,PublicGoodsGame,0,Player 1,32.0,117.5
146,PublicGoodsGame,1,Player 2,0.3,119.5
146,PublicGoodsGame,2,Player 3,0.3,119.5
146,PublicGoodsGame,3,Player 4,0.4,109.5
147,PublicGoodsGame,0,Player 1,0.2,113.75
147,PublicGoodsGame,1,Player 2,0.2,113.75
147,PublicGoodsGame,2,Player 3,0.3,103.75
147,PublicGoodsGame,3,Player 4,0.2,113.75
148,PublicGoodsGame,0,Player 1,0.33,113.125
148,PublicGoodsGame,1,Player 2,0.3,116.125
148,PublicGoodsGame,2,Player 3,0.3,116.125
148,PublicGoodsGame,3,Player 4,0.3,116.125
149,PublicGoodsGame,0,Player 1,25.0,123.0
149,PublicGoodsGame,1,Player 2,0.33,115.0
149,PublicGoodsGame,2,Player 3,0.4,108.0
149,PublicGoodsGame,3,Player 4,0.3,118.0
150,PublicGoodsGame,0,Player 1,0.3,120.625
150,PublicGoodsGame,1,Player 2,0.6,90.625
150,PublicGoodsGame,2,Player 3,0.2,130.625
150,PublicGoodsGame,3,Player 4,0.25,125.625
151,PublicGoodsGame,0,Player 1,0.3,111.25
151,PublicGoodsGame,1,Player 2,0.2,121.25
151,PublicGoodsGame,2,Player 3,0.3,111.25
151,PublicGoodsGame,3,Player 4,0.3,111.25
152,PublicGoodsGame,0,Player 1,0.25,118.125
152,PublicGoodsGame,1,Player 2,0.3,113.125
152,PublicGoodsGame,2,Player 3,0.3,113.125
152,PublicGoodsGame,3,Player 4,0.3,113.125
153,PublicGoodsGame,0,Player 1,0.3,128.125
153,PublicGoodsGame,1,Player 2,0.6,98.125
153,PublicGoodsGame,2,Player 3,35.0,123.125
153,PublicGoodsGame,3,Player 4,0.3,128.125
154,PublicGoodsGame,0,Player 1,30.0,111.25
154,PublicGoodsGame,1,Player 2,0.3,111.25
154,PublicGoodsGame,2,Player 3,0.3,111.25
154,PublicGoodsGame,3,Player 4,0.2,121.25
155,PublicGoodsGame,0,Player 1,0.3,111.25
155,PublicGoodsGame,1,Player 2,0.2,121.25
155,PublicGoodsGame,2,Player 3,0.3,111.25
155,PublicGoodsGame,3,Player 4,0.3,111.25
156,PublicGoodsGame,0,Player 1,0.2,121.25
156,PublicGoodsGame,1,Player 2,0.3,111.25
156,PublicGoodsGame,2,Player 3,0.3,111.25
156,PublicGoodsGame,3,Player 4,0.3,111.25
157,PublicGoodsGame,0,Player 1,0.3,115.0
157,PublicGoodsGame,1,Player 2,0.3,115.0
157,PublicGoodsGame,2,Player 3,0.3,115.0
157,PublicGoodsGame,3,Player 4,0.3,115.0
158,PublicGoodsGame,0,Player 1,0.3,126.25
158,PublicGoodsGame,1,Player 2,0.6,96.25
158,PublicGoodsGame,2,Player 3,30.0,126.25
158,PublicGoodsGame,3,Player 4,0.3,126.25
159,PublicGoodsGame,0,Player 1,0.3,105.625
159,PublicGoodsGame,1,Player 2,0.2,115.625
159,PublicGoodsGame,2,Player 3,0.25,110.625
159,PublicGoodsGame,3,Player 4,0.2,115.625
160,PublicGoodsGame,0,Player 1,25.0,116.25
160,PublicGoodsGame,1,Player 2,0.3,111.25
160,PublicGoodsGame,2,Player 3,0.25,116.25
160,PublicGoodsGame,3,Player 4,0.3,111.25
161,PublicGoodsGame,0,Player 1,0.2,115.625
161,PublicGoodsGame,1,Player 2,0.3,105.625
161,PublicGoodsGame,2,Player 3,0.2,115.625
161,PublicGoodsGame,3,Player 4,0.25,110.625
162,PublicGoodsGame,0,Player 1,25.0,115.5
162,PublicGoodsGame,1,Player 2,0.3,110.5
162,PublicGoodsGame,2,Player 3,0.2,120.5
162,PublicGoodsGame,3,Player 4,0.33,107.5
163,PublicGoodsGame,0,Player 1,0.3,118.0
163,PublicGoodsGame,1,Player 2,0.4,108.0
163,PublicGoodsGame,2,Player 3,0.25,123.0
163,PublicGoodsGame,3,Player 4,0.33,115.0
164,PublicGoodsGame,0,Player 1,0.3,115.0
164,PublicGoodsGame,1,Player 2,0.3,115.0
164,PublicGoodsGame,2,Player 3,0.3,115.0
164,PublicGoodsGame,3,Player 4,30.0,115.0
165,PublicGoodsGame,0,Player 1,0.3,112.375
165,PublicGoodsGame,1,Player 2,0.33,109.375
165,PublicGoodsGame,2,Player 3,0.2,122.375
165,PublicGoodsGame,3,Player 4,0.3,112.375
166,PublicGoodsGame,0,Player 1,0.25,118.125
166,PublicGoodsGame,1,Player 2,0.3,113.125
166,PublicGoodsGame,2,Player 3,0.3,113.125
166,PublicGoodsGame,3,Player 4,0.3,113.125
167,PublicGoodsGame,0,Player 1,0.35,111.875
167,PublicGoodsGame,1,Player 2,0.3,116.875
167,PublicGoodsGame,2,Player 3,0.3,116.875
167,PublicGoodsGame,3,Player 4,0.3,116.875
168,PublicGoodsGame,0,Player 1,0.3,111.25
168,PublicGoodsGame,1,Player 2,0.3,111.25
168,PublicGoodsGame,2,Player 3,0.3,111.25
168,PublicGoodsGame,3,Player 4,0.2,121.25
169,PublicGoodsGame,0,Player 1,0.3,115.0
169,PublicGoodsGame,1,Player 2,0.3,115.0
169,PublicGoodsGame,2,Player 3,0.3,115.0
169,PublicGoodsGame,3,Player 4,0.3,115.0
170,PublicGoodsGame,0,Player 1,0.3,115.0
170,PublicGoodsGame,1,Player 2,0.3,115.0
170,PublicGoodsGame,2,Player 3,0.25,120.0
170,PublicGoodsGame,3,Player 4,35.0,110.0
171,PublicGoodsGame,0,Player 1,33.33,107.29375
171,PublicGoodsGame,1,Player 2,0.25,115.62375
171,PublicGoodsGame,2,Player 3,0.2,120.62375
171,PublicGoodsGame,3,Player 4,0.3,110.62375
172,PublicGoodsGame,0,Player 1,33.33,111.04375
172,PublicGoodsGame,1,Player 2,0.3,114.37375
172,PublicGoodsGame,2,Player 3,0.3,114.37375
172,PublicGoodsGame,3,Player 4,0.25,119.37375
173,PublicGoodsGame,0,Player 1,0.3,111.25
173,PublicGoodsGame,1,Player 2,0.3,111.25
173,PublicGoodsGame,2,Player 3,0.2,121.25
173,PublicGoodsGame,3,Player 4,0.3,111.25
174,PublicGoodsGame,0,Player 1,0.3,115.0
174,PublicGoodsGame,1,Player 2,0.3,115.0
174,PublicGoodsGame,2,Player 3,0.3,115.0
174,PublicGoodsGame,3,Player 4,0.3,115.0
175,PublicGoodsGame,0,Player 1,35.0,111.875
175,PublicGoodsGame,1,Player 2,0.3,116.875
175,PublicGoodsGame,2,Player 3,0.3,116.875
175,PublicGoodsGame,3,Player 4,0.3,116.875
176,PublicGoodsGame,0,Player 1,35.0,111.875
176,PublicGoodsGame,1,Player 2,0.3,116.875
176,PublicGoodsGame,2,Player 3,35.0,111.875
176,PublicGoodsGame,3,Player 4,0.25,121.875
177,PublicGoodsGame,0,Player 1,20.0,125.0
177,PublicGoodsGame,1,Player 2,0.6,85.0
177,PublicGoodsGame,2,Player 3,0.2,125.0
177,PublicGoodsGame,3,Player 4,0.2,125.0
178,PublicGoodsGame,0,Player 1,0.3,111.25
178,PublicGoodsGame,1,Player 2,0.3,111.25
178,PublicGoodsGame,2,Player 3,0.3,111.25
178,PublicGoodsGame,3,Player 4,0.2,121.25
179,PublicGoodsGame,0,Player 1,0.2,132.5
179,PublicGoodsGame,1,Player 2,0.3,122.5
179,PublicGoodsGame,2,Player 3,30.0,122.5
179,PublicGoodsGame,3,Player 4,0.6,92.5
180,PublicGoodsGame,0,Player 1,33.33,115.16874999999999
180,PublicGoodsGame,1,Player 2,0.33,115.49875
180,PublicGoodsGame,2,Player 3,0.33,115.49875
180,PublicGoodsGame,3,Player 4,0.3,118.49875
181,PublicGoodsGame,0,Player 1,0.25,119.3625
181,PublicGoodsGame,1,Player 2,0.3,114.3625
181,PublicGoodsGame,2,Player 3,0.3,114.3625
181,PublicGoodsGame,3,Player 4,33.3,111.0625
182,PublicGoodsGame,0,Player 1,0.25,129.375
182,PublicGoodsGame,1,Player 2,0.3,124.375
182,PublicGoodsGame,2,Player 3,0.6,94.375
182,PublicGoodsGame,3,Player 4,0.3,124.375
183,PublicGoodsGame,0,Player 1,20.0,121.25
183,PublicGoodsGame,1,Player 2,0.3,111.25
183,PublicGoodsGame,2,Player 3,0.3,111.25
183,PublicGoodsGame,3,Player 4,0.3,111.25
184,PublicGoodsGame,0,Player 1,0.25,120.0
184,PublicGoodsGame,1,Player 2,0.3,115.0
184,PublicGoodsGame,2,Player 3,0.35,110.0
184,PublicGoodsGame,3,Player 4,0.3,115.0
185,PublicGoodsGame,0,Player 1,0.3,126.25
185,PublicGoodsGame,1,Player 2,0.6,96.25
185,PublicGoodsGame,2,Player 3,0.3,126.25
185,PublicGoodsGame,3,Player 4,0.3,126.25
186,PublicGoodsGame,0,Player 1,0.3,119.875
186,PublicGoodsGame,1,Player 2,0.33,116.875
186,PublicGoodsGame,2,Player 3,0.4,109.875
186,PublicGoodsGame,3,Player 4,0.3,119.875
187,PublicGoodsGame,0,Player 1,0.3,126.25
187,PublicGoodsGame,1,Player 2,0.6,96.25
187,PublicGoodsGame,2,Player 3,0.3,126.25
187,PublicGoodsGame,3,Player 4,0.3,126.25
188,PublicGoodsGame,0,Player 1,0.33,124.375
188,PublicGoodsGame,1,Player 2,0.3,127.375
188,PublicGoodsGame,2,Player 3,0.6,97.375
188,PublicGoodsGame,3,Player 4,0.3,127.375
189,PublicGoodsGame,0,Player 1,30.0,111.25
189,PublicGoodsGame,1,Player 2,0.3,111.25
189,PublicGoodsGame,2,Player 3,0.3,111.25
189,PublicGoodsGame,3,Player 4,0.2,121.25
190,PublicGoodsGame,0,Player 1,30.0,120.625
190,PublicGoodsGame,1,Player 2,0.6,90.625
190,PublicGoodsGame,2,Player 3,0.2,130.625
190,PublicGoodsGame,3,Player 4,0.25,125.625
191,PublicGoodsGame,0,Player 1,25.0,118.125
191,PublicGoodsGame,1,Player 2,0.3,113.125
191,PublicGoodsGame,2,Player 3,0.3,113.125
191,PublicGoodsGame,3,Player 4,0.3,113.125
192,PublicGoodsGame,0,Player 1,33.33,112.91875
192,PublicGoodsGame,1,Player 2,0.3,116.24875
192,PublicGoodsGame,2,Player 3,30.0,116.24875
192,PublicGoodsGame,3,Player 4,0.3,116.24875
193,PublicGoodsGame,0,Player 1,0.3,128.125
193,PublicGoodsGame,1,Player 2,0.3,128.125
193,PublicGoodsGame,2,Player 3,0.6,98.125
193,PublicGoodsGame,3,Player 4,0.35,123.125
194,PublicGoodsGame,0,Player 1,0.2,115.625
194,PublicGoodsGame,1,Player 2,0.2,115.625
194,PublicGoodsGame,2,Player 3,0.3,105.625
194,PublicGoodsGame,3,Player 4,25.0,110.625
195,PublicGoodsGame,0,Player 1,0.3,109.375
195,PublicGoodsGame,1,Player 2,0.25,114.375
195,PublicGoodsGame,2,Player 3,0.2,119.375
195,PublicGoodsGame,3,Player 4,30.0,109.375
196,PublicGoodsGame,0,Player 1,0.25,116.25
196,PublicGoodsGame,1,Player 2,0.3,111.25
196,PublicGoodsGame,2,Player 3,0.2,121.25
196,PublicGoodsGame,3,Player 4,0.35,106.25
197,PublicGoodsGame,0,Player 1,0.2,119.375
197,PublicGoodsGame,1,Player 2,0.3,109.375
197,PublicGoodsGame,2,Player 3,0.3,109.375
197,PublicGoodsGame,3,Player 4,0.25,114.375
198,PublicGoodsGame,0,Player 1,0.3,126.25
198,PublicGoodsGame,1,Player 2,0.3,126.25
198,PublicGoodsGame,2,Player 3,0.3,126.25
198,PublicGoodsGame,3,Player 4,0.6,96.25
199,PublicGoodsGame,0,Player 1,0.2,133.625
199,PublicGoodsGame,1,Player 2,0.33,120.625
199,PublicGoodsGame,2,Player 3,0.3,123.625
199,PublicGoodsGame,3,Player 4,0.6,93.625
200,PublicGoodsGame,0,Player 1,0.3,118.75
200,PublicGoodsGame,1,Player 2,0.3,118.75
200,PublicGoodsGame,2,Player 3,0.4,108.75
200,PublicGoodsGame,3,Player 4,0.3,118.75
201,PublicGoodsGame,0,Player 1,0.3,111.25
201,PublicGoodsGame,1,Player 2,0.3,111.25
201,PublicGoodsGame,2,Player 3,0.3,111.25
201,PublicGoodsGame,3,Player 4,0.2,121.25
202,PublicGoodsGame,0,Player 1,0.3,124.375
202,PublicGoodsGame,1,Player 2,0.25,129.375
202,PublicGoodsGame,2,Player 3,0.6,94.375
202,PublicGoodsGame,3,Player 4,0.3,124.375
203,PublicGoodsGame,0,Player 1,25.0,123.12375
203,PublicGoodsGame,1,Player 2,0.4,108.12375
203,PublicGoodsGame,2,Player 3,0.3,118.12375
203,PublicGoodsGame,3,Player 4,33.33,114.79374999999999
204,PublicGoodsGame,0,Player 1,0.3,111.25
204,PublicGoodsGame,1,Player 2,0.2,121.25
204,PublicGoodsGame,2,Player 3,0.3,111.25
204,PublicGoodsGame,3,Player 4,0.3,111.25
205,PublicGoodsGame,0,Player 1,25.0,116.25
205,PublicGoodsGame,1,Player 2,0.25,116.25
205,PublicGoodsGame,2,Player 3,0.3,111.25
205,PublicGoodsGame,3,Player 4,0.3,111.25
206,PublicGoodsGame,0,Player 1,0.3,126.25
206,PublicGoodsGame,1,Player 2,0.35,121.25
206,PublicGoodsGame,2,Player 3,0.6,96.25
206,PublicGoodsGame,3,Player 4,0.25,131.25
207,PublicGoodsGame,0,Player 1,30.0,116.875
207,PublicGoodsGame,1,Player 2,0.35,111.875
207,PublicGoodsGame,2,Player 3,0.3,116.875
207,PublicGoodsGame,3,Player 4,0.3,116.875
208,PublicGoodsGame,0,Player 1,30.0,115.0
208,PublicGoodsGame,1,Player 2,0.3,115.0
208,PublicGoodsGame,2,Player 3,0.3,115.0
208,PublicGoodsGame,3,Player 4,0.3,115.0
209,PublicGoodsGame,0,Player 1,0.3,115.0
209,PublicGoodsGame,1,Player 2,0.25,120.0
209,PublicGoodsGame,2,Player 3,35.0,110.0
209,PublicGoodsGame,3,Player 4,0.3,115.0
210,PublicGoodsGame,0,Player 1,0.2,117.5
210,PublicGoodsGame,1,Player 2,0.25,112.5
210,PublicGoodsGame,2,Player 3,0.25,112.5
210,PublicGoodsGame,3,Player 4,0.3,107.5
211,PublicGoodsGame,0,Player 1,0.2,121.25
211,PublicGoodsGame,1,Player 2,0.25,116.25
211,PublicGoodsGame,2,Player 3,0.3,111.25
211,PublicGoodsGame,3,Player 4,35.0,106.25
212,PublicGoodsGame,0,Player 1,0.3,115.0
212,PublicGoodsGame,1,Player 2,30.0,115.0
212,PublicGoodsGame,2,Player 3,0.3,115.0
212,PublicGoodsGame,3,Player 4,0.3,115.0
213,PublicGoodsGame,0,Player 1,33.33,122.29374999999999
213,PublicGoodsGame,1,Player 2,0.6,95.62375
213,PublicGoodsGame,2,Player 3,0.3,125.62375
213,PublicGoodsGame,3,Player 4,0.25,130.62375
214,PublicGoodsGame,0,Player 1,0.3,122.5
214,PublicGoodsGame,1,Player 2,0.6,92.5
214,PublicGoodsGame,2,Player 3,0.3,122.5
214,PublicGoodsGame,3,Player 4,0.2,132.5
215,PublicGoodsGame,0,Player 1,0.3,118.75
215,PublicGoodsGame,1,Player 2,0.3,118.75
215,PublicGoodsGame,2,Player 3,0.3,118.75
215,PublicGoodsGame,3,Player 4,0.4,108.75
216,PublicGoodsGame,0,Player 1,0.3,115.0
216,PublicGoodsGame,1,Player 2,0.3,115.0
216,PublicGoodsGame,2,Player 3,0.3,115.0
216,PublicGoodsGame,3,Player 4,0.3,115.0
217,PublicGoodsGame,0,Player 1,25.0,114.375
217,PublicGoodsGame,1,Player 2,30.0,109.375
217,PublicGoodsGame,2,Player 3,0.25,114.375
217,PublicGoodsGame,3,Player 4,0.25,114.375
218,PublicGoodsGame,0,Player 1,0.6,97.375
218,PublicGoodsGame,1,Player 2,0.33,124.375
218,PublicGoodsGame,2,Player 3,0.3,127.375
218,PublicGoodsGame,3,Player 4,0.3,127.375
219,PublicGoodsGame,0,Player 1,0.3,111.25
219,PublicGoodsGame,1,Player 2,0.3,111.25
219,PublicGoodsGame,2,Player 3,0.25,116.25
219,PublicGoodsGame,3,Player 4,0.25,116.25
220,PublicGoodsGame,0,Player 1,30.0,116.125
220,PublicGoodsGame,1,Player 2,0.33,113.125
220,PublicGoodsGame,2,Player 3,0.3,116.125
220,PublicGoodsGame,3,Player 4,0.3,116.125
221,PublicGoodsGame,0,Player 1,0.3,113.125
221,PublicGoodsGame,1,Player 2,0.25,118.125
221,PublicGoodsGame,2,Player 3,0.2,123.125
221,PublicGoodsGame,3,Player 4,0.4,103.125
222,PublicGoodsGame,0,Player 1,25.0,116.25
222,PublicGoodsGame,1,Player 2,0.3,111.25
222,PublicGoodsGame,2,Player 3,0.35,106.25
222,PublicGoodsGame,3,Player 4,0.2,121.25
223,PublicGoodsGame,0,Player 1,0.3,116.875
223,PublicGoodsGame,1,Player 2,0.35,111.875
223,PublicGoodsGame,2,Player 3,0.3,116.875
223,PublicGoodsGame,3,Player 4,0.3,116.875
224,PublicGoodsGame,0,Player 1,32.0,108.125
224,PublicGoodsGame,1,Player 2,0.25,115.125
224,PublicGoodsGame,2,Player 3,0.2,120.125
224,PublicGoodsGame,3,Player 4,0.3,110.125
225,PublicGoodsGame,0,Player 1,0.3,115.0
225,PublicGoodsGame,1,Player 2,0.3,115.0
225,PublicGoodsGame,2,Player 3,30.0,115.0
225,PublicGoodsGame,3,Player 4,0.3,115.0
226,PublicGoodsGame,0,Player 1,20.0,121.25
226,PublicGoodsGame,1,Player 2,0.3,111.25
226,PublicGoodsGame,2,Player 3,0.3,111.25
226,PublicGoodsGame,3,Player 4,0.3,111.25
227,PublicGoodsGame,0,Player 1,0.3,115.0
227,PublicGoodsGame,1,Player 2,0.3,115.0
227,PublicGoodsGame,2,Player 3,30.0,115.0
227,PublicGoodsGame,3,Player 4,30.0,115.0
228,PublicGoodsGame,0,Player 1,30.0,109.375
228,PublicGoodsGame,1,Player 2,0.2,119.375
228,PublicGoodsGame,2,Player 3,0.25,114.375
228,PublicGoodsGame,3,Player 4,0.3,109.375
229,PublicGoodsGame,0,Player 1,0.3,116.875
229,PublicGoodsGame,1,Player 2,0.35,111.875
229,PublicGoodsGame,2,Player 3,0.3,116.875
229,PublicGoodsGame,3,Player 4,0.3,116.875
230,PublicGoodsGame,0,Player 1,0.25,120.0
230,PublicGoodsGame,1,Player 2,0.3,115.0
230,PublicGoodsGame,2,Player 3,0.35,110.0
230,PublicGoodsGame,3,Player 4,0.3,115.0
231,PublicGoodsGame,0,Player 1,0.2,122.49875
231,PublicGoodsGame,1,Player 2,0.3,112.49875
231,PublicGoodsGame,2,Player 3,0.3,112.49875
231,PublicGoodsGame,3,Player 4,33.33,109.16875
232,PublicGoodsGame,0,Player 1,0.6,103.75
232,PublicGoodsGame,1,Player 2,0.2,143.75
232,PublicGoodsGame,2,Player 3,0.6,103.75
232,PublicGoodsGame,3,Player 4,0.3,133.75
233,PublicGoodsGame,0,Player 1,0.25,118.125
233,PublicGoodsGame,1,Player 2,0.3,113.125
233,PublicGoodsGame,2,Player 3,0.3,113.125
233,PublicGoodsGame,3,Player 4,0.3,113.125
234,PublicGoodsGame,0,Player 1,0.3,113.125
234,PublicGoodsGame,1,Player 2,0.25,118.125
234,PublicGoodsGame,2,Player 3,0.35,108.125
234,PublicGoodsGame,3,Player 4,0.25,118.125
235,PublicGoodsGame,0,Player 1,20.0,121.25
235,PublicGoodsGame,1,Player 2,0.3,111.25
235,PublicGoodsGame,2,Player 3,0.3,111.25
235,PublicGoodsGame,3,Player 4,0.3,111.25
236,PublicGoodsGame,0,Player 1,0.2,117.5
236,PublicGoodsGame,1,Player 2,0.3,107.5
236,PublicGoodsGame,2,Player 3,0.2,117.5
236,PublicGoodsGame,3,Player 4,0.3,107.5
237,PublicGoodsGame,0,Player 1,0.3,124.375
237,PublicGoodsGame,1,Player 2,0.6,94.375
237,PublicGoodsGame,2,Player 3,0.25,129.375
237,PublicGoodsGame,3,Player 4,0.3,124.375
238,PublicGoodsGame,0,Player 1,0.3,111.25
238,PublicGoodsGame,1,Player 2,0.2,121.25
238,PublicGoodsGame,2,Player 3,0.3,111.25
238,PublicGoodsGame,3,Player 4,0.3,111.25
239,PublicGoodsGame,0,Player 1,0.3,111.25
239,PublicGoodsGame,1,Player 2,0.2,121.25
239,PublicGoodsGame,2,Player 3,0.3,111.25
239,PublicGoodsGame,3,Player 4,0.3,111.25
240,PublicGoodsGame,0,Player 1,25.0,129.375
240,PublicGoodsGame,1,Player 2,0.6,94.375
240,PublicGoodsGame,2,Player 3,0.3,124.375
240,PublicGoodsGame,3,Player 4,30.0,124.375
241,PublicGoodsGame,0,Player 1,35.0,108.125
241,PublicGoodsGame,1,Player 2,0.3,113.125
241,PublicGoodsGame,2,Player 3,0.2,123.125
241,PublicGoodsGame,3,Player 4,0.3,113.125
242,PublicGoodsGame,0,Player 1,0.3,115.0
242,PublicGoodsGame,1,Player 2,0.3,115.0
242,PublicGoodsGame,2,Player 3,0.3,115.0
242,PublicGoodsGame,3,Player 4,0.3,115.0
243,PublicGoodsGame,0,Player 1,0.3,108.625
243,PublicGoodsGame,1,Player 2,0.33,105.625
243,PublicGoodsGame,2,Player 3,0.2,118.625
243,PublicGoodsGame,3,Player 4,0.2,118.625
244,PublicGoodsGame,0,Player 1,0.3,115.0
244,PublicGoodsGame,1,Player 2,0.3,115.0
244,PublicGoodsGame,2,Player 3,0.3,115.0
244,PublicGoodsGame,3,Player 4,30.0,115.0
245,PublicGoodsGame,0,Player 1,30.0,116.875
245,PublicGoodsGame,1,Player 2,0.25,121.875
245,PublicGoodsGame,2,Player 3,0.3,116.875
245,PublicGoodsGame,3,Player 4,0.4,106.875
246,PublicGoodsGame,0,Player 1,0.33,107.5
246,PublicGoodsGame,1,Player 2,0.2,120.5
246,PublicGoodsGame,2,Player 3,0.3,110.5
246,PublicGoodsGame,3,Player 4,0.25,115.5
247,PublicGoodsGame,0,Player 1,20.0,117.5
247,PublicGoodsGame,1,Player 2,0.25,112.5
247,PublicGoodsGame,2,Player 3,0.3,107.5
247,PublicGoodsGame,3,Player 4,0.25,112.5
248,PublicGoodsGame,0,Player 1,0.3,116.875
248,PublicGoodsGame,1,Player 2,0.3,116.875
248,PublicGoodsGame,2,Player 3,0.3,116.875
248,PublicGoodsGame,3,Player 4,0.35,111.875
249,PublicGoodsGame,0,Player 1,0.3,118.0
249,PublicGoodsGame,1,Player 2,0.33,115.0
249,PublicGoodsGame,2,Player 3,35.0,113.0
249,PublicGoodsGame,3,Player 4,0.3,118.0
250,PublicGoodsGame,0,Player 1,0.25,129.375
250,PublicGoodsGame,1,Player 2,0.3,124.375
250,PublicGoodsGame,2,Player 3,0.3,124.375
250,PublicGoodsGame,3,Player 4,0.6,94.375
251,PublicGoodsGame,0,Player 1,20.0,115.625
251,PublicGoodsGame,1,Player 2,0.3,105.625
251,PublicGoodsGame,2,Player 3,0.2,115.625
251,PublicGoodsGame,3,Player 4,25.0,110.625
252,PublicGoodsGame,0,Player 1,33.33,126.04374999999999
252,PublicGoodsGame,1,Player 2,0.35,124.37375
252,PublicGoodsGame,2,Player 3,0.3,129.37375
252,PublicGoodsGame,3,Player 4,0.6,99.37375
253,PublicGoodsGame,0,Player 1,35.0,110.0
253,PublicGoodsGame,1,Player 2,0.3,115.0
253,PublicGoodsGame,2,Player 3,0.3,115.0
253,PublicGoodsGame,3,Player 4,25.0,120.0
254,PublicGoodsGame,0,Player 1,0.3,116.125
254,PublicGoodsGame,1,Player 2,0.33,113.125
254,PublicGoodsGame,2,Player 3,0.3,116.125
254,PublicGoodsGame,3,Player 4,0.3,116.125
255,PublicGoodsGame,0,Player 1,0.2,117.5
255,PublicGoodsGame,1,Player 2,0.3,107.5
255,PublicGoodsGame,2,Player 3,0.2,117.5
255,PublicGoodsGame,3,Player 4,0.3,107.5
256,PublicGoodsGame,0,Player 1,30.0,113.125
256,PublicGoodsGame,1,Player 2,0.3,113.125
256,PublicGoodsGame,2,Player 3,0.3,113.125
256,PublicGoodsGame,3,Player 4,0.25,118.125
257,PublicGoodsGame,0,Player 1,0.3,118.75
257,PublicGoodsGame,1,Player 2,0.4,108.75
257,PublicGoodsGame,2,Player 3,0.3,118.75
257,PublicGoodsGame,3,Player 4,0.3,118.75
258,PublicGoodsGame,0,Player 1,0.33,107.5
258,PublicGoodsGame,1,Player 2,0.2,120.5
258,PublicGoodsGame,2,Player 3,0.2,120.5
258,PublicGoodsGame,3,Player 4,35.0,105.5
259,PublicGoodsGame,0,Player 1,0.2,121.25
259,PublicGoodsGame,1,Player 2,0.3,111.25
259,PublicGoodsGame,2,Player 3,0.4,101.25
259,PublicGoodsGame,3,Player 4,0.2,121.25
260,PublicGoodsGame,0,Player 1,0.4,108.75
260,PublicGoodsGame,1,Player 2,0.3,118.75
260,PublicGoodsGame,2,Player 3,0.3,118.75
260,PublicGoodsGame,3,Player 4,0.3,118.75
261,PublicGoodsGame,0,Player 1,0.25,123.75
261,PublicGoodsGame,1,Player 2,0.3,118.75
261,PublicGoodsGame,2,Player 3,0.4,108.75
261,PublicGoodsGame,3,Player 4,0.35,113.75
262,PublicGoodsGame,0,Player 1,25.0,129.375
262,PublicGoodsGame,1,Player 2,0.6,94.375
262,PublicGoodsGame,2,Player 3,30.0,124.375
262,PublicGoodsGame,3,Player 4,0.3,124.375
263,PublicGoodsGame,0,Player 1,0.3,122.5
263,PublicGoodsGame,1,Player 2,0.3,122.5
263,PublicGoodsGame,2,Player 3,0.2,132.5
263,PublicGoodsGame,3,Player 4,0.6,92.5
264,PublicGoodsGame,0,Player 1,30.0,128.875
264,PublicGoodsGame,1,Player 2,0.67,91.875
264,PublicGoodsGame,2,Player 3,0.3,128.875
264,PublicGoodsGame,3,Player 4,0.3,128.875
265,PublicGoodsGame,0,Player 1,0.3,113.125
265,PublicGoodsGame,1,Player 2,0.3,113.125
265,PublicGoodsGame,2,Player 3,0.3,113.125
265,PublicGoodsGame,3,Player 4,25.0,118.125
266,PublicGoodsGame,0,Player 1,33.3,105.4375
266,PublicGoodsGame,1,Player 2,0.25,113.7375
266,PublicGoodsGame,2,Player 3,0.25,113.7375
266,PublicGoodsGame,3,Player 4,0.2,118.7375
267,PublicGoodsGame,0,Player 1,35.0,108.125
267,PublicGoodsGame,1,Player 2,0.3,113.125
267,PublicGoodsGame,2,Player 3,0.3,113.125
267,PublicGoodsGame,3,Player 4,0.2,123.125
268,PublicGoodsGame,0,Player 1,0.2,121.25
268,PublicGoodsGame,1,Player 2,0.3,111.25
268,PublicGoodsGame,2,Player 3,0.3,111.25
268,PublicGoodsGame,3,Player 4,0.3,111.25
269,PublicGoodsGame,0,Player 1,32.0,115.625
269,PublicGoodsGame,1,Player 2,0.35,112.625
269,PublicGoodsGame,2,Player 3,0.3,117.625
269,PublicGoodsGame,3,Player 4,0.3,117.625
270,PublicGoodsGame,0,Player 1,25.0,129.375
270,PublicGoodsGame,1,Player 2,0.6,94.375
270,PublicGoodsGame,2,Player 3,0.3,124.375
270,PublicGoodsGame,3,Player 4,0.3,124.375
271,PublicGoodsGame,0,Player 1,25.0,112.5
271,PublicGoodsGame,1,Player 2,0.3,107.5
271,PublicGoodsGame,2,Player 3,0.25,112.5
271,PublicGoodsGame,3,Player 4,0.2,117.5
272,PublicGoodsGame,0,Player 1,0.67,93.0
272,PublicGoodsGame,1,Player 2,0.3,130.0
272,PublicGoodsGame,2,Player 3,0.3,130.0
272,PublicGoodsGame,3,Player 4,0.33,127.0
273,PublicGoodsGame,0,Player 1,33.33,116.66874999999999
273,PublicGoodsGame,1,Player 2,0.3,119.99875
273,PublicGoodsGame,2,Player 3,0.3,119.99875
273,PublicGoodsGame,3,Player 4,0.4,109.99875
274,PublicGoodsGame,0,Player 1,33.33,109.16875
274,PublicGoodsGame,1,Player 2,0.2,122.49875
274,PublicGoodsGame,2,Player 3,0.3,112.49875
274,PublicGoodsGame,3,Player 4,0.3,112.49875
275,PublicGoodsGame,0,Player 1,0.3,118.75
275,PublicGoodsGame,1,Player 2,0.4,108.75
275,PublicGoodsGame,2,Player 3,0.3,118.75
275,PublicGoodsGame,3,Player 4,0.3,118.75
276,PublicGoodsGame,0,Player 1,0.3,115.0
276,PublicGoodsGame,1,Player 2,0.3,115.0
276,PublicGoodsGame,2,Player 3,0.3,115.0
276,PublicGoodsGame,3,Player 4,0.3,115.0
277,PublicGoodsGame,0,Player 1,25.0,114.375
277,PublicGoodsGame,1,Player 2,0.2,119.375
277,PublicGoodsGame,2,Player 3,0.3,109.375
277,PublicGoodsGame,3,Player 4,0.3,109.375
278,PublicGoodsGame,0,Player 1,0.3,109.375
278,PublicGoodsGame,1,Player 2,0.25,114.375
278,PublicGoodsGame,2,Player 3,0.2,119.375
278,PublicGoodsGame,3,Player 4,0.3,109.375
279,PublicGoodsGame,0,Player 1,0.67,91.875
279,PublicGoodsGame,1,Player 2,0.3,128.875
279,PublicGoodsGame,2,Player 3,0.25,133.875
279,PublicGoodsGame,3,Player 4,0.35,123.875
280,PublicGoodsGame,0,Player 1,30.0,118.75
280,PublicGoodsGame,1,Player 2,0.4,108.75
280,PublicGoodsGame,2,Player 3,0.3,118.75
280,PublicGoodsGame,3,Player 4,0.3,118.75
281,PublicGoodsGame,0,Player 1,35.0,111.875
281,PublicGoodsGame,1,Player 2,0.3,116.875
281,PublicGoodsGame,2,Player 3,0.3,116.875
281,PublicGoodsGame,3,Player 4,0.3,116.875
282,PublicGoodsGame,0,Player 1,0.3,115.0
282,PublicGoodsGame,1,Player 2,0.3,115.0
282,PublicGoodsGame,2,Player 3,0.3,115.0
282,PublicGoodsGame,3,Player 4,0.3,115.0
283,PublicGoodsGame,0,Player 1,0.3,107.5
283,PublicGoodsGame,1,Player 2,0.2,117.5
283,PublicGoodsGame,2,Player 3,0.2,117.5
283,PublicGoodsGame,3,Player 4,0.3,107.5
284,PublicGoodsGame,0,Player 1,0.3,114.25
284,PublicGoodsGame,1,Player 2,0.2,124.25
284,PublicGoodsGame,2,Player 3,35.0,109.25
284,PublicGoodsGame,3,Player 4,0.33,111.25
285,PublicGoodsGame,0,Player 1,33.33,109.16875
285,PublicGoodsGame,1,Player 2,0.25,117.49875
285,PublicGoodsGame,2,Player 3,0.25,117.49875
285,PublicGoodsGame,3,Player 4,0.3,112.49875
286,PublicGoodsGame,0,Player 1,0.6,103.75
286,PublicGoodsGame,1,Player 2,0.2,143.75
286,PublicGoodsGame,2,Player 3,0.6,103.75
286,PublicGoodsGame,3,Player 4,0.3,133.75
287,PublicGoodsGame,0,Player 1,30.0,115.0
287,PublicGoodsGame,1,Player 2,30.0,115.0
287,PublicGoodsGame,2,Player 3,0.3,115.0
287,PublicGoodsGame,3,Player 4,0.3,115.0
288,PublicGoodsGame,0,Player 1,30.0,126.25
288,PublicGoodsGame,1,Player 2,0.6,96.25
288,PublicGoodsGame,2,Player 3,0.3,126.25
288,PublicGoodsGame,3,Player 4,0.3,126.25
289,PublicGoodsGame,0,Player 1,30.0,128.125
289,PublicGoodsGame,1,Player 2,0.6,98.125
289,PublicGoodsGame,2,Player 3,0.35,123.125
289,PublicGoodsGame,3,Player 4,0.3,128.125
290,PublicGoodsGame,0,Player 1,25.0,118.125
290,PublicGoodsGame,1,Player 2,0.3,113.125
290,PublicGoodsGame,2,Player 3,0.3,113.125
290,PublicGoodsGame,3,Player 4,0.3,113.125
291,PublicGoodsGame,0,Player 1,30.0,130.0
291,PublicGoodsGame,1,Player 2,0.6,100.0
291,PublicGoodsGame,2,Player 3,0.4,120.0
291,PublicGoodsGame,3,Player 4,0.3,130.0
292,PublicGoodsGame,0,Player 1,0.67,93.75
292,PublicGoodsGame,1,Player 2,35.0,125.75
292,PublicGoodsGame,2,Player 3,0.3,130.75
292,PublicGoodsGame,3,Player 4,0.3,130.75
293,PublicGoodsGame,0,Player 1,20.0,121.25
293,PublicGoodsGame,1,Player 2,0.3,111.25
293,PublicGoodsGame,2,Player 3,0.3,111.25
293,PublicGoodsGame,3,Player 4,0.3,111.25
294,PublicGoodsGame,0,Player 1,0.2,121.25
294,PublicGoodsGame,1,Player 2,0.3,111.25
294,PublicGoodsGame,2,Player 3,30.0,111.25
294,PublicGoodsGame,3,Player 4,0.3,111.25
295,PublicGoodsGame,0,Player 1,0.3,111.25
295,PublicGoodsGame,1,Player 2,0.2,121.25
295,PublicGoodsGame,2,Player 3,0.3,111.25
295,PublicGoodsGame,3,Player 4,0.3,111.25
296,PublicGoodsGame,0,Player 1,0.4,106.875
296,PublicGoodsGame,1,Player 2,0.3,116.875
296,PublicGoodsGame,2,Player 3,35.0,111.875
296,PublicGoodsGame,3,Player 4,0.2,126.875
297,PublicGoodsGame,0,Player 1,25.0,119.25
297,PublicGoodsGame,1,Player 2,0.33,111.25
297,PublicGoodsGame,2,Player 3,0.3,114.25
297,PublicGoodsGame,3,Player 4,0.3,114.25
298,PublicGoodsGame,0,Player 1,0.67,103.125
298,PublicGoodsGame,1,Player 2,0.3,140.125
298,PublicGoodsGame,2,Player 3,0.3,140.125
298,PublicGoodsGame,3,Player 4,0.6,110.125
299,PublicGoodsGame,0,Player 1,30.0,115.0
299,PublicGoodsGame,1,Player 2,0.3,115.0
299,PublicGoodsGame,2,Player 3,0.3,115.0
299,PublicGoodsGame,3,Player 4,0.3,115.0
300,PublicGoodsGame,0,Player 1,0.2,121.25
300,PublicGoodsGame,1,Player 2,0.3,111.25
300,PublicGoodsGame,2,Player 3,0.3,111.25
300,PublicGoodsGame,3,Player 4,0.3,111.25
301,PublicGoodsGame,0,Player 1,33.33,126.04374999999999
301,PublicGoodsGame,1,Player 2,0.6,99.37375
301,PublicGoodsGame,2,Player 3,35.0,124.37375
301,PublicGoodsGame,3,Player 4,0.3,129.37375
302,PublicGoodsGame,0,Player 1,35.0,108.125
302,PublicGoodsGame,1,Player 2,0.2,123.125
302,PublicGoodsGame,2,Player 3,0.3,113.125
302,PublicGoodsGame,3,Player 4,0.3,113.125
303,PublicGoodsGame,0,Player 1,0.25,118.125
303,PublicGoodsGame,1,Player 2,0.3,113.125
303,PublicGoodsGame,2,Player 3,0.3,113.125
303,PublicGoodsGame,3,Player 4,0.3,113.125
304,PublicGoodsGame,0,Player 1,0.4,110.625
304,PublicGoodsGame,1,Player 2,0.4,110.625
304,PublicGoodsGame,2,Player 3,0.3,120.625
304,PublicGoodsGame,3,Player 4,0.25,125.625
305,PublicGoodsGame,0,Player 1,25.0,121.875
305,PublicGoodsGame,1,Player 2,0.4,106.875
305,PublicGoodsGame,2,Player 3,0.3,116.875
305,PublicGoodsGame,3,Player 4,0.3,116.875
306,PublicGoodsGame,0,Player 1,0.2,117.5
306,PublicGoodsGame,1,Player 2,0.3,107.5
306,PublicGoodsGame,2,Player 3,0.3,107.5
306,PublicGoodsGame,3,Player 4,0.2,117.5
307,PublicGoodsGame,0,Player 1,35.0,111.875
307,PublicGoodsGame,1,Player 2,0.3,116.875
307,PublicGoodsGame,2,Player 3,0.25,121.875
307,PublicGoodsGame,3,Player 4,35.0,111.875
308,PublicGoodsGame,0,Player 1,25.0,118.125
308,PublicGoodsGame,1,Player 2,0.3,113.125
308,PublicGoodsGame,2,Player 3,0.3,113.125
308,PublicGoodsGame,3,Player 4,0.3,113.125
309,PublicGoodsGame,0,Player 1,0.2,117.5
309,PublicGoodsGame,1,Player 2,0.2,117.5
309,PublicGoodsGame,2,Player 3,0.4,97.5
309,PublicGoodsGame,3,Player 4,0.2,117.5
310,PublicGoodsGame,0,Player 1,0.3,128.125
310,PublicGoodsGame,1,Player 2,0.3,128.125
310,PublicGoodsGame,2,Player 3,0.6,98.125
310,PublicGoodsGame,3,Player 4,35.0,123.125
311,PublicGoodsGame,0,Player 1,33.33,103.54375
311,PublicGoodsGame,1,Player 2,0.25,111.87375
311,PublicGoodsGame,2,Player 3,0.2,116.87375
311,PublicGoodsGame,3,Player 4,0.2,116.87375
312,PublicGoodsGame,0,Player 1,0.25,118.125
312,PublicGoodsGame,1,Player 2,0.3,113.125
312,PublicGoodsGame,2,Player 3,0.3,113.125
312,PublicGoodsGame,3,Player 4,0.3,113.125
313,PublicGoodsGame,0,Player 1,0.6,96.25
313,PublicGoodsGame,1,Player 2,0.3,126.25
313,PublicGoodsGame,2,Player 3,0.3,126.25
313,PublicGoodsGame,3,Player 4,0.3,126.25
314,PublicGoodsGame,0,Player 1,0.3,126.25
314,PublicGoodsGame,1,Player 2,0.6,96.25
314,PublicGoodsGame,2,Player 3,30.0,126.25
314,PublicGoodsGame,3,Player 4,0.3,126.25
315,PublicGoodsGame,0,Player 1,0.3,115.0
315,PublicGoodsGame,1,Player 2,0.3,115.0
315,PublicGoodsGame,2,Player 3,0.3,115.0
315,PublicGoodsGame,3,Player 4,0.3,115.0
316,PublicGoodsGame,0,Player 1,0.3,115.0
316,PublicGoodsGame,1,Player 2,0.3,115.0
316,PublicGoodsGame,2,Player 3,0.3,115.0
316,PublicGoodsGame,3,Player 4,0.3,115.0
317,PublicGoodsGame,0,Player 1,0.6,105.625
317,PublicGoodsGame,1,Player 2,0.25,140.625
317,PublicGoodsGame,2,Player 3,0.6,105.625
317,PublicGoodsGame,3,Player 4,0.3,135.625
318,PublicGoodsGame,0,Player 1,0.25,121.875
318,PublicGoodsGame,1,Player 2,0.3,116.875
318,PublicGoodsGame,2,Player 3,0.3,116.875
318,PublicGoodsGame,3,Player 4,0.4,106.875
319,PublicGoodsGame,0,Player 1,0.3,115.0
319,PublicGoodsGame,1,Player 2,0.25,120.0
319,PublicGoodsGame,2,Player 3,0.35,110.0
319,PublicGoodsGame,3,Player 4,0.3,115.0
320,PublicGoodsGame,0,Player 1,0.2,121.25
320,PublicGoodsGame,1,Player 2,0.3,111.25
320,PublicGoodsGame,2,Player 3,0.3,111.25
320,PublicGoodsGame,3,Player 4,0.3,111.25
321,PublicGoodsGame,0,Player 1,0.25,116.25
321,PublicGoodsGame,1,Player 2,0.3,111.25
321,PublicGoodsGame,2,Player 3,0.2,121.25
321,PublicGoodsGame,3,Player 4,35.0,106.25
322,PublicGoodsGame,0,Player 1,20.0,119.375
322,PublicGoodsGame,1,Player 2,0.3,109.375
322,PublicGoodsGame,2,Player 3,0.25,114.375
322,PublicGoodsGame,3,Player 4,0.3,109.375
323,PublicGoodsGame,0,Player 1,0.3,116.875
323,PublicGoodsGame,1,Player 2,0.35,111.875
323,PublicGoodsGame,2,Player 3,0.3,116.875
323,PublicGoodsGame,3,Player 4,0.3,116.875
324,PublicGoodsGame,0,Player 1,0.3,112.375
324,PublicGoodsGame,1,Player 2,0.3,112.375
324,PublicGoodsGame,2,Player 3,0.33,109.375
324,PublicGoodsGame,3,Player 4,0.2,122.375
325,PublicGoodsGame,0,Player 1,35.0,110.0
325,PublicGoodsGame,1,Player 2,0.3,115.0
325,PublicGoodsGame,2,Player 3,0.3,115.0
325,PublicGoodsGame,3,Player 4,0.25,120.0
326,PublicGoodsGame,0,Player 1,0.3,112.375
326,PublicGoodsGame,1,Player 2,0.2,122.375
326,PublicGoodsGame,2,Player 3,0.3,112.375
326,PublicGoodsGame,3,Player 4,0.33,109.375
327,PublicGoodsGame,0,Player 1,0.25,114.375
327,PublicGoodsGame,1,Player 2,0.3,109.375
327,PublicGoodsGame,2,Player 3,0.3,109.375
327,PublicGoodsGame,3,Player 4,0.2,119.375
328,PublicGoodsGame,0,Player 1,0.2,121.25
328,PublicGoodsGame,1,Player 2,0.3,111.25
328,PublicGoodsGame,2,Player 3,0.3,111.25
328,PublicGoodsGame,3,Player 4,0.3,111.25
329,PublicGoodsGame,0,Player 1,0.3,120.625
329,PublicGoodsGame,1,Player 2,0.4,110.625
329,PublicGoodsGame,2,Player 3,0.3,120.625
329,PublicGoodsGame,3,Player 4,35.0,115.625
330,PublicGoodsGame,0,Player 1,25.0,129.375
330,PublicGoodsGame,1,Player 2,0.3,124.375
330,PublicGoodsGame,2,Player 3,0.3,124.375
330,PublicGoodsGame,3,Player 4,0.6,94.375
331,PublicGoodsGame,0,Player 1,0.3,111.25
331,PublicGoodsGame,1,Player 2,0.3,111.25
331,PublicGoodsGame,2,Player 3,0.25,116.25
331,PublicGoodsGame,3,Player 4,0.25,116.25
332,PublicGoodsGame,0,Player 1,25.0,118.125
332,PublicGoodsGame,1,Player 2,0.3,113.125
332,PublicGoodsGame,2,Player 3,0.3,113.125
332,PublicGoodsGame,3,Player 4,0.3,113.125
333,PublicGoodsGame,0,Player 1,0.3,111.25
333,PublicGoodsGame,1,Player 2,0.25,116.25
333,PublicGoodsGame,2,Player 3,0.25,116.25
333,PublicGoodsGame,3,Player 4,0.3,111.25
334,PublicGoodsGame,0,Player 1,0.3,115.0
334,PublicGoodsGame,1,Player 2,0.3,115.0
334,PublicGoodsGame,2,Player 3,0.3,115.0
334,PublicGoodsGame,3,Player 4,0.3,115.0
335,PublicGoodsGame,0,Player 1,33.3,111.0625
335,PublicGoodsGame,1,Player 2,0.3,114.3625
335,PublicGoodsGame,2,Player 3,0.3,114.3625
335,PublicGoodsGame,3,Player 4,0.25,119.3625
336,PublicGoodsGame,0,Player 1,25.0,121.875
336,PublicGoodsGame,1,Player 2,0.3,116.875
336,PublicGoodsGame,2,Player 3,0.3,116.875
336,PublicGoodsGame,3,Player 4,0.4,106.875
337,PublicGoodsGame,0,Player 1,0.33,111.25
337,PublicGoodsGame,1,Player 2,0.3,114.25
337,PublicGoodsGame,2,Player 3,0.2,124.25
337,PublicGoodsGame,3,Player 4,0.35,109.25
338,PublicGoodsGame,0,Player 1,0.6,107.5
338,PublicGoodsGame,1,Player 2,0.3,137.5
338,PublicGoodsGame,2,Player 3,0.3,137.5
338,PublicGoodsGame,3,Player 4,0.6,107.5
339,PublicGoodsGame,0,Player 1,25.0,116.25
339,PublicGoodsGame,1,Player 2,0.3,111.25
339,PublicGoodsGame,2,Player 3,0.25,116.25
339,PublicGoodsGame,3,Player 4,30.0,111.25
340,PublicGoodsGame,0,Player 1,0.3,118.75
340,PublicGoodsGame,1,Player 2,0.4,108.75
340,PublicGoodsGame,2,Player 3,0.3,118.75
340,PublicGoodsGame,3,Player 4,0.3,118.75
341,PublicGoodsGame,0,Player 1,0.6,98.125
341,PublicGoodsGame,1,Player 2,0.3,128.125
341,PublicGoodsGame,2,Player 3,0.35,123.125
341,PublicGoodsGame,3,Player 4,0.3,128.125
342,PublicGoodsGame,0,Player 1,30.0,128.125
342,PublicGoodsGame,1,Player 2,0.6,98.125
342,PublicGoodsGame,2,Player 3,0.25,133.125
342,PublicGoodsGame,3,Player 4,0.4,118.125
343,PublicGoodsGame,0,Player 1,33.3,110.43625
343,PublicGoodsGame,1,Player 2,0.2,123.73625
343,PublicGoodsGame,2,Player 3,0.3,113.73625
343,PublicGoodsGame,3,Player 4,33.33,110.40625
344,PublicGoodsGame,0,Player 1,33.3,112.9375
344,PublicGoodsGame,1,Player 2,0.3,116.2375
344,PublicGoodsGame,2,Player 3,0.3,116.2375
344,PublicGoodsGame,3,Player 4,0.3,116.2375
345,PublicGoodsGame,0,Player 1,20.0,117.5
345,PublicGoodsGame,1,Player 2,0.2,117.5
345,PublicGoodsGame,2,Player 3,0.3,107.5
345,PublicGoodsGame,3,Player 4,0.3,107.5
346,PublicGoodsGame,0,Player 1,35.0,111.875
346,PublicGoodsGame,1,Player 2,0.3,116.875
346,PublicGoodsGame,2,Player 3,0.3,116.875
346,PublicGoodsGame,3,Player 4,0.3,116.875
347,PublicGoodsGame,0,Player 1,0.6,96.25
347,PublicGoodsGame,1,Player 2,0.3,126.25
347,PublicGoodsGame,2,Player 3,0.25,131.25
347,PublicGoodsGame,3,Player 4,0.35,121.25
348,PublicGoodsGame,0,Player 1,30.0,116.125
348,PublicGoodsGame,1,Player 2,0.33,113.125
348,PublicGoodsGame,2,Player 3,0.3,116.125
348,PublicGoodsGame,3,Player 4,0.3,116.125
349,PublicGoodsGame,0,Player 1,0.25,125.625
349,PublicGoodsGame,1,Player 2,0.6,90.625
349,PublicGoodsGame,2,Player 3,0.25,125.625
349,PublicGoodsGame,3,Player 4,0.25,125.625
350,PublicGoodsGame,0,Player 1,0.4,106.875
350,PublicGoodsGame,1,Player 2,0.4,106.875
350,PublicGoodsGame,2,Player 3,0.2,126.875
350,PublicGoodsGame,3,Player 4,25.0,121.875
351,PublicGoodsGame,0,Player 1,30.0,111.25
351,PublicGoodsGame,1,Player 2,0.25,116.25
351,PublicGoodsGame,2,Player 3,0.3,111.25
351,PublicGoodsGame,3,Player 4,0.25,116.25
352,PublicGoodsGame,0,Player 1,0.3,130.0
352,PublicGoodsGame,1,Player 2,0.6,100.0
352,PublicGoodsGame,2,Player 3,0.4,120.0
352,PublicGoodsGame,3,Player 4,30.0,130.0
353,PublicGoodsGame,0,Player 1,0.2,121.25
353,PublicGoodsGame,1,Player 2,0.3,111.25
353,PublicGoodsGame,2,Player 3,0.3,111.25
353,PublicGoodsGame,3,Player 4,0.3,111.25
354,PublicGoodsGame,0,Player 1,33.33,111.04375
354,PublicGoodsGame,1,Player 2,0.3,114.37375
354,PublicGoodsGame,2,Player 3,0.3,114.37375
354,PublicGoodsGame,3,Player 4,0.25,119.37375
355,PublicGoodsGame,0,Player 1,0.33,107.5
355,PublicGoodsGame,1,Player 2,0.3,110.5
355,PublicGoodsGame,2,Player 3,0.25,115.5
355,PublicGoodsGame,3,Player 4,20.0,120.5
356,PublicGoodsGame,0,Player 1,0.2,119.375
356,PublicGoodsGame,1,Player 2,0.2,119.375
356,PublicGoodsGame,2,Player 3,0.3,109.375
356,PublicGoodsGame,3,Player 4,0.35,104.375
357,PublicGoodsGame,0,Player 1,32.0,111.875
357,PublicGoodsGame,1,Player 2,0.2,123.875
357,PublicGoodsGame,2,Player 3,0.3,113.875
357,PublicGoodsGame,3,Player 4,35.0,108.875
358,PublicGoodsGame,0,Player 1,0.33,116.875
358,PublicGoodsGame,1,Player 2,0.4,109.875
358,PublicGoodsGame,2,Player 3,0.3,119.875
358,PublicGoodsGame,3,Player 4,0.3,119.875
359,PublicGoodsGame,0,Player 1,0.3,124.375
359,PublicGoodsGame,1,Player 2,0.25,129.375
359,PublicGoodsGame,2,Player 3,30.0,124.375
359,PublicGoodsGame,3,Player 4,0.6,94.375
360,PublicGoodsGame,0,Player 1,33.33,109.16875
360,PublicGoodsGame,1,Player 2,0.2,122.49875
360,PublicGoodsGame,2,Player 3,0.3,112.49875
360,PublicGoodsGame,3,Player 4,0.3,112.49875
361,PublicGoodsGame,0,Player 1,0.25,121.125
361,PublicGoodsGame,1,Player 2,0.3,116.125
361,PublicGoodsGame,2,Player 3,0.33,113.125
361,PublicGoodsGame,3,Player 4,0.35,111.125
362,PublicGoodsGame,0,Player 1,0.3,130.0
362,PublicGoodsGame,1,Player 2,0.6,100.0
362,PublicGoodsGame,2,Player 3,0.3,130.0
362,PublicGoodsGame,3,Player 4,0.4,120.0
363,PublicGoodsGame,0,Player 1,0.3,115.0
363,PublicGoodsGame,1,Player 2,0.3,115.0
363,PublicGoodsGame,2,Player 3,0.3,115.0
363,PublicGoodsGame,3,Player 4,0.3,115.0
364,PublicGoodsGame,0,Player 1,32.5,113.4375
364,PublicGoodsGame,1,Player 2,0.3,115.9375
364,PublicGoodsGame,2,Player 3,0.3,115.9375
364,PublicGoodsGame,3,Player 4,0.3,115.9375
365,PublicGoodsGame,0,Player 1,30.0,111.25
365,PublicGoodsGame,1,Player 2,0.25,116.25
365,PublicGoodsGame,2,Player 3,0.3,111.25
365,PublicGoodsGame,3,Player 4,0.25,116.25
366,PublicGoodsGame,0,Player 1,25.0,112.5
366,PublicGoodsGame,1,Player 2,35.0,102.5
366,PublicGoodsGame,2,Player 3,0.2,117.5
366,PublicGoodsGame,3,Player 4,0.2,117.5
367,PublicGoodsGame,0,Player 1,33.33,109.16875
367,PublicGoodsGame,1,Player 2,0.2,122.49875
367,PublicGoodsGame,2,Player 3,0.3,112.49875
367,PublicGoodsGame,3,Player 4,0.3,112.49875
368,PublicGoodsGame,0,Player 1,0.3,109.375
368,PublicGoodsGame,1,Player 2,0.25,114.375
368,PublicGoodsGame,2,Player 3,0.2,119.375
368,PublicGoodsGame,3,Player 4,0.3,109.375
369,PublicGoodsGame,0,Player 1,0.2,115.625
369,PublicGoodsGame,1,Player 2,0.3,105.625
369,PublicGoodsGame,2,Player 3,0.25,110.625
369,PublicGoodsGame,3,Player 4,0.2,115.625
370,PublicGoodsGame,0,Player 1,20.0,121.25
370,PublicGoodsGame,1,Player 2,0.3,111.25
370,PublicGoodsGame,2,Player 3,30.0,111.25
370,PublicGoodsGame,3,Player 4,0.3,111.25
371,PublicGoodsGame,0,Player 1,35.0,115.625
371,PublicGoodsGame,1,Player 2,0.3,120.625
371,PublicGoodsGame,2,Player 3,0.4,110.625
371,PublicGoodsGame,3,Player 4,30.0,120.625
372,PublicGoodsGame,0,Player 1,0.2,134.375
372,PublicGoodsGame,1,Player 2,0.6,94.375
372,PublicGoodsGame,2,Player 3,0.3,124.375
372,PublicGoodsGame,3,Player 4,35.0,119.375
373,PublicGoodsGame,0,Player 1,0.2,115.625
373,PublicGoodsGame,1,Player 2,0.2,115.625
373,PublicGoodsGame,2,Player 3,0.3,105.625
373,PublicGoodsGame,3,Player 4,0.25,110.625
374,PublicGoodsGame,0,Player 1,0.2,117.5
374,PublicGoodsGame,1,Player 2,0.3,107.5
374,PublicGoodsGame,2,Player 3,0.2,117.5
374,PublicGoodsGame,3,Player 4,0.3,107.5
375,PublicGoodsGame,0,Player 1,35.0,104.375
375,PublicGoodsGame,1,Player 2,0.2,119.375
375,PublicGoodsGame,2,Player 3,0.2,119.375
375,PublicGoodsGame,3,Player 4,0.3,109.375
376,PublicGoodsGame,0,Player 1,0.3,115.0
376,PublicGoodsGame,1,Player 2,0.3,115.0
376,PublicGoodsGame,2,Player 3,0.3,115.0
376,PublicGoodsGame,3,Player 4,0.3,115.0
377,PublicGoodsGame,0,Player 1,0.3,126.25
377,PublicGoodsGame,1,Player 2,0.3,126.25
377,PublicGoodsGame,2,Player 3,0.6,96.25
377,PublicGoodsGame,3,Player 4,0.3,126.25
378,PublicGoodsGame,0,Player 1,0.6,105.625
378,PublicGoodsGame,1,Player 2,0.6,105.625
378,PublicGoodsGame,2,Player 3,0.25,140.625
378,PublicGoodsGame,3,Player 4,0.3,135.625
379,PublicGoodsGame,0,Player 1,0.3,126.25
379,PublicGoodsGame,1,Player 2,0.3,126.25
379,PublicGoodsGame,2,Player 3,0.3,126.25
379,PublicGoodsGame,3,Player 4,0.6,96.25
380,PublicGoodsGame,0,Player 1,0.3,115.0
380,PublicGoodsGame,1,Player 2,0.3,115.0
380,PublicGoodsGame,2,Player 3,0.3,115.0
380,PublicGoodsGame,3,Player 4,0.3,115.0
381,PublicGoodsGame,0,Player 1,0.3,107.5
381,PublicGoodsGame,1,Player 2,0.3,107.5
381,PublicGoodsGame,2,Player 3,0.2,117.5
381,PublicGoodsGame,3,Player 4,0.2,117.5
382,PublicGoodsGame,0,Player 1,0.3,122.5
382,PublicGoodsGame,1,Player 2,0.6,92.5
382,PublicGoodsGame,2,Player 3,0.3,122.5
382,PublicGoodsGame,3,Player 4,0.2,132.5
383,PublicGoodsGame,0,Player 1,33.33,138.04375
383,PublicGoodsGame,1,Player 2,0.6,111.37375
383,PublicGoodsGame,2,Player 3,0.3,141.37375
383,PublicGoodsGame,3,Player 4,0.67,104.37375
384,PublicGoodsGame,0,Player 1,0.3,113.125
384,PublicGoodsGame,1,Player 2,0.3,113.125
384,PublicGoodsGame,2,Player 3,0.25,118.125
384,PublicGoodsGame,3,Player 4,30.0,113.125
385,PublicGoodsGame,0,Player 1,0.3,113.125
385,PublicGoodsGame,1,Player 2,0.25,118.125
385,PublicGoodsGame,2,Player 3,0.3,113.125
385,PublicGoodsGame,3,Player 4,0.3,113.125
386,PublicGoodsGame,0,Player 1,33.33,109.16875
386,PublicGoodsGame,1,Player 2,0.3,112.49875
386,PublicGoodsGame,2,Player 3,0.3,112.49875
386,PublicGoodsGame,3,Player 4,0.2,122.49875
387,PublicGoodsGame,0,Player 1,0.25,116.25
387,PublicGoodsGame,1,Player 2,30.0,111.25
387,PublicGoodsGame,2,Player 3,0.3,111.25
387,PublicGoodsGame,3,Player 4,25.0,116.25
388,PublicGoodsGame,0,Player 1,30.0,116.125
388,PublicGoodsGame,1,Player 2,0.3,116.125
388,PublicGoodsGame,2,Player 3,0.33,113.125
388,PublicGoodsGame,3,Player 4,0.3,116.125
389,PublicGoodsGame,0,Player 1,30.0,113.125
389,PublicGoodsGame,1,Player 2,0.25,118.125
389,PublicGoodsGame,2,Player 3,0.3,113.125
389,PublicGoodsGame,3,Player 4,0.3,113.125
390,PublicGoodsGame,0,Player 1,0.3,115.0
390,PublicGoodsGame,1,Player 2,0.4,105.0
390,PublicGoodsGame,2,Player 3,0.2,125.0
390,PublicGoodsGame,3,Player 4,0.3,115.0
391,PublicGoodsGame,0,Player 1,0.3,126.25
391,PublicGoodsGame,1,Player 2,0.3,126.25
391,PublicGoodsGame,2,Player 3,0.3,126.25
391,PublicGoodsGame,3,Player 4,0.6,96.25
392,PublicGoodsGame,0,Player 1,0.3,111.25
392,PublicGoodsGame,1,Player 2,0.3,111.25
392,PublicGoodsGame,2,Player 3,0.25,116.25
392,PublicGoodsGame,3,Player 4,0.25,116.25
393,PublicGoodsGame,0,Player 1,0.2,130.625
393,PublicGoodsGame,1,Player 2,0.6,90.625
393,PublicGoodsGame,2,Player 3,35.0,115.625
393,PublicGoodsGame,3,Player 4,0.2,130.625
394,PublicGoodsGame,0,Player 1,0.3,113.125
394,PublicGoodsGame,1,Player 2,0.3,113.125
394,PublicGoodsGame,2,Player 3,0.25,118.125
394,PublicGoodsGame,3,Player 4,0.3,113.125
395,PublicGoodsGame,0,Player 1,0.2,119.375
395,PublicGoodsGame,1,Player 2,0.25,114.375
395,PublicGoodsGame,2,Player 3,0.3,109.375
395,PublicGoodsGame,3,Player 4,0.3,109.375
396,PublicGoodsGame,0,Player 1,0.6,110.125
396,PublicGoodsGame,1,Player 2,0.3,140.125
396,PublicGoodsGame,2,Player 3,0.67,103.125
396,PublicGoodsGame,3,Player 4,0.3,140.125
397,PublicGoodsGame,0,Player 1,25.0,129.375
397,PublicGoodsGame,1,Player 2,0.3,124.375
397,PublicGoodsGame,2,Player 3,0.3,124.375
397,PublicGoodsGame,3,Player 4,0.6,94.375
398,PublicGoodsGame,0,Player 1,0.25,129.375
398,PublicGoodsGame,1,Player 2,0.3,124.375
398,PublicGoodsGame,2,Player 3,0.6,94.375
398,PublicGoodsGame,3,Player 4,0.3,124.375
399,PublicGoodsGame,0,Player 1,0.3,115.0
399,PublicGoodsGame,1,Player 2,0.3,115.0
399,PublicGoodsGame,2,Player 3,30.0,115.0
399,PublicGoodsGame,3,Player 4,0.3,115.0
400,PublicGoodsGame,0,Player 1,35.0,111.875
400,PublicGoodsGame,1,Player 2,0.3,116.875
400,PublicGoodsGame,2,Player 3,0.35,111.875
400,PublicGoodsGame,3,Player 4,0.25,121.875
401,PublicGoodsGame,0,Player 1,0.25,140.625
401,PublicGoodsGame,1,Player 2,0.6,105.625
401,PublicGoodsGame,2,Player 3,0.6,105.625
401,PublicGoodsGame,3,Player 4,0.3,135.625
402,PublicGoodsGame,0,Player 1,0.3,115.9375
402,PublicGoodsGame,1,Player 2,37.5,108.4375
402,PublicGoodsGame,2,Player 3,0.25,120.9375
402,PublicGoodsGame,3,Player 4,0.3,115.9375
403,PublicGoodsGame,0,Player 1,0.2,120.5
403,PublicGoodsGame,1,Player 2,0.25,115.5
403,PublicGoodsGame,2,Player 3,0.3,110.5
403,PublicGoodsGame,3,Player 4,0.33,107.5
404,PublicGoodsGame,0,Player 1,0.2,125.0
404,PublicGoodsGame,1,Player 2,0.3,115.0
404,PublicGoodsGame,2,Player 3,0.4,105.0
404,PublicGoodsGame,3,Player 4,0.3,115.0
405,PublicGoodsGame,0,Player 1,0.3,115.0
405,PublicGoodsGame,1,Player 2,0.3,115.0
405,PublicGoodsGame,2,Player 3,0.3,115.0
405,PublicGoodsGame,3,Player 4,0.3,115.0
406,PublicGoodsGame,0,Player 1,37.5,112.1875
406,PublicGoodsGame,1,Player 2,0.3,119.6875
406,PublicGoodsGame,2,Player 3,0.35,114.6875
406,PublicGoodsGame,3,Player 4,0.3,119.6875
407,PublicGoodsGame,0,Player 1,30.0,115.0
407,PublicGoodsGame,1,Player 2,0.3,115.0
407,PublicGoodsGame,2,Player 3,0.3,115.0
407,PublicGoodsGame,3,Player 4,0.3,115.0
408,PublicGoodsGame,0,Player 1,33.33,111.04375
408,PublicGoodsGame,1,Player 2,0.25,119.37375
408,PublicGoodsGame,2,Player 3,0.3,114.37375
408,PublicGoodsGame,3,Player 4,0.3,114.37375
409,PublicGoodsGame,0,Player 1,0.3,115.0
409,PublicGoodsGame,1,Player 2,0.3,115.0
409,PublicGoodsGame,2,Player 3,0.3,115.0
409,PublicGoodsGame,3,Player 4,0.3,115.0
410,PublicGoodsGame,0,Player 1,30.0,115.0
410,PublicGoodsGame,1,Player 2,0.3,115.0
410,PublicGoodsGame,2,Player 3,0.3,115.0
410,PublicGoodsGame,3,Player 4,0.3,115.0
411,PublicGoodsGame,0,Player 1,35.0,112.8125
411,PublicGoodsGame,1,Player 2,0.3,117.8125
411,PublicGoodsGame,2,Player 3,0.25,122.8125
411,PublicGoodsGame,3,Player 4,37.5,110.3125
412,PublicGoodsGame,0,Player 1,0.25,118.125
412,PublicGoodsGame,1,Player 2,0.3,113.125
412,PublicGoodsGame,2,Player 3,0.3,113.125
412,PublicGoodsGame,3,Player 4,0.3,113.125
413,PublicGoodsGame,0,Player 1,0.3,111.25
413,PublicGoodsGame,1,Player 2,0.3,111.25
413,PublicGoodsGame,2,Player 3,0.2,121.25
413,PublicGoodsGame,3,Player 4,0.3,111.25
414,PublicGoodsGame,0,Player 1,25.0,123.12375
414,PublicGoodsGame,1,Player 2,0.35,113.12375
414,PublicGoodsGame,2,Player 3,0.35,113.12375
414,PublicGoodsGame,3,Player 4,33.33,114.79374999999999
415,PublicGoodsGame,0,Player 1,0.3,115.0
415,PublicGoodsGame,1,Player 2,0.3,115.0
415,PublicGoodsGame,2,Player 3,0.3,115.0
415,PublicGoodsGame,3,Player 4,0.3,115.0
416,PublicGoodsGame,0,Player 1,25.0,118.125
416,PublicGoodsGame,1,Player 2,0.3,113.125
416,PublicGoodsGame,2,Player 3,0.3,113.125
416,PublicGoodsGame,3,Player 4,0.3,113.125
417,PublicGoodsGame,0,Player 1,20.0,121.25
417,PublicGoodsGame,1,Player 2,0.3,111.25
417,PublicGoodsGame,2,Player 3,0.3,111.25
417,PublicGoodsGame,3,Player 4,0.3,111.25
418,PublicGoodsGame,0,Player 1,0.3,115.0
418,PublicGoodsGame,1,Player 2,0.3,115.0
418,PublicGoodsGame,2,Player 3,0.3,115.0
418,PublicGoodsGame,3,Player 4,0.3,115.0
419,PublicGoodsGame,0,Player 1,30.0,126.25
419,PublicGoodsGame,1,Player 2,0.6,96.25
419,PublicGoodsGame,2,Player 3,0.3,126.25
419,PublicGoodsGame,3,Player 4,0.3,126.25
420,PublicGoodsGame,0,Player 1,0.3,116.875
420,PublicGoodsGame,1,Player 2,0.3,116.875
420,PublicGoodsGame,2,Player 3,0.35,111.875
420,PublicGoodsGame,3,Player 4,0.3,116.875
421,PublicGoodsGame,0,Player 1,30.0,118.0
421,PublicGoodsGame,1,Player 2,0.4,108.0
421,PublicGoodsGame,2,Player 3,0.25,123.0
421,PublicGoodsGame,3,Player 4,0.33,115.0
422,PublicGoodsGame,0,Player 1,0.25,118.125
422,PublicGoodsGame,1,Player 2,0.2,123.125
422,PublicGoodsGame,2,Player 3,0.3,113.125
422,PublicGoodsGame,3,Player 4,0.4,103.125
423,PublicGoodsGame,0,Player 1,0.2,125.0
423,PublicGoodsGame,1,Player 2,0.3,115.0
423,PublicGoodsGame,2,Player 3,0.3,115.0
423,PublicGoodsGame,3,Player 4,0.4,105.0
424,PublicGoodsGame,0,Player 1,25.0,116.25
424,PublicGoodsGame,1,Player 2,30.0,111.25
424,PublicGoodsGame,2,Player 3,0.3,111.25
424,PublicGoodsGame,3,Player 4,0.25,116.25
425,PublicGoodsGame,0,Player 1,36.0,111.25
425,PublicGoodsGame,1,Player 2,0.3,117.25
425,PublicGoodsGame,2,Player 3,0.3,117.25
425,PublicGoodsGame,3,Player 4,0.3,117.25
426,PublicGoodsGame,0,Player 1,0.33,109.375
426,PublicGoodsGame,1,Player 2,0.3,112.375
426,PublicGoodsGame,2,Player 3,0.2,122.375
426,PublicGoodsGame,3,Player 4,0.3,112.375
427,PublicGoodsGame,0,Player 1,0.6,90.625
427,PublicGoodsGame,1,Player 2,0.2,130.625
427,PublicGoodsGame,2,Player 3,0.3,120.625
427,PublicGoodsGame,3,Player 4,0.25,125.625
428,PublicGoodsGame,0,Player 1,25.0,129.375
428,PublicGoodsGame,1,Player 2,0.6,94.375
428,PublicGoodsGame,2,Player 3,0.3,124.375
428,PublicGoodsGame,3,Player 4,0.3,124.375
429,PublicGoodsGame,0,Player 1,0.4,105.0
429,PublicGoodsGame,1,Player 2,0.3,115.0
429,PublicGoodsGame,2,Player 3,30.0,115.0
429,PublicGoodsGame,3,Player 4,0.2,125.0
430,PublicGoodsGame,0,Player 1,0.3,117.25
430,PublicGoodsGame,1,Player 2,0.33,114.25
430,PublicGoodsGame,2,Player 3,0.3,117.25
430,PublicGoodsGame,3,Player 4,0.33,114.25
431,PublicGoodsGame,0,Player 1,0.3,115.0
431,PublicGoodsGame,1,Player 2,30.0,115.0
431,PublicGoodsGame,2,Player 3,0.3,115.0
431,PublicGoodsGame,3,Player 4,0.3,115.0
432,PublicGoodsGame,0,Player 1,33.0,114.25
432,PublicGoodsGame,1,Player 2,0.33,114.25
432,PublicGoodsGame,2,Player 3,0.3,117.25
432,PublicGoodsGame,3,Player 4,0.3,117.25
433,PublicGoodsGame,0,Player 1,0.25,118.125
433,PublicGoodsGame,1,Player 2,0.3,113.125
433,PublicGoodsGame,2,Player 3,0.3,113.125
433,PublicGoodsGame,3,Player 4,0.3,113.125
434,PublicGoodsGame,0,Player 1,0.3,111.25
434,PublicGoodsGame,1,Player 2,0.3,111.25
434,PublicGoodsGame,2,Player 3,0.3,111.25
434,PublicGoodsGame,3,Player 4,0.2,121.25
435,PublicGoodsGame,0,Player 1,0.3,122.5
435,PublicGoodsGame,1,Player 2,0.2,132.5
435,PublicGoodsGame,2,Player 3,30.0,122.5
435,PublicGoodsGame,3,Player 4,0.6,92.5
436,PublicGoodsGame,0,Player 1,0.2,121.25
436,PublicGoodsGame,1,Player 2,0.3,111.25
436,PublicGoodsGame,2,Player 3,0.3,111.25
436,PublicGoodsGame,3,Player 4,0.3,111.25
437,PublicGoodsGame,0,Player 1,0.3,124.375
437,PublicGoodsGame,1,Player 2,0.25,129.375
437,PublicGoodsGame,2,Player 3,0.6,94.375
437,PublicGoodsGame,3,Player 4,0.3,124.375
438,PublicGoodsGame,0,Player 1,0.3,116.125
438,PublicGoodsGame,1,Player 2,30.0,116.125
438,PublicGoodsGame,2,Player 3,0.3,116.125
438,PublicGoodsGame,3,Player 4,33.0,113.125
439,PublicGoodsGame,0,Player 1,25.0,128.625
439,PublicGoodsGame,1,Player 2,0.33,120.625
439,PublicGoodsGame,2,Player 3,0.6,93.625
439,PublicGoodsGame,3,Player 4,25.0,128.625
440,PublicGoodsGame,0,Player 1,25.0,144.375
440,PublicGoodsGame,1,Player 2,0.6,109.375
440,PublicGoodsGame,2,Player 3,0.4,129.375
440,PublicGoodsGame,3,Player 4,0.6,109.375
441,PublicGoodsGame,0,Player 1,0.25,125.625
441,PublicGoodsGame,1,Player 2,0.6,90.625
441,PublicGoodsGame,2,Player 3,0.3,120.625
441,PublicGoodsGame,3,Player 4,0.2,130.625
442,PublicGoodsGame,0,Player 1,30.0,118.75
442,PublicGoodsGame,1,Player 2,0.3,118.75
442,PublicGoodsGame,2,Player 3,0.3,118.75
442,PublicGoodsGame,3,Player 4,0.4,108.75
443,PublicGoodsGame,0,Player 1,0.3,126.25
443,PublicGoodsGame,1,Player 2,0.6,96.25
443,PublicGoodsGame,2,Player 3,0.3,126.25
443,PublicGoodsGame,3,Player 4,0.3,126.25
444,PublicGoodsGame,0,Player 1,0.6,92.5
444,PublicGoodsGame,1,Player 2,0.2,132.5
444,PublicGoodsGame,2,Player 3,35.0,117.5
444,PublicGoodsGame,3,Player 4,25.0,127.5
445,PublicGoodsGame,0,Player 1,25.0,118.125
445,PublicGoodsGame,1,Player 2,0.3,113.125
445,PublicGoodsGame,2,Player 3,0.3,113.125
445,PublicGoodsGame,3,Player 4,0.3,113.125
446,PublicGoodsGame,0,Player 1,35.0,111.875
446,PublicGoodsGame,1,Player 2,0.3,116.875
446,PublicGoodsGame,2,Player 3,0.3,116.875
446,PublicGoodsGame,3,Player 4,0.3,116.875
447,PublicGoodsGame,0,Player 1,30.0,116.125
447,PublicGoodsGame,1,Player 2,0.33,113.125
447,PublicGoodsGame,2,Player 3,0.3,116.125
447,PublicGoodsGame,3,Player 4,0.3,116.125
448,PublicGoodsGame,0,Player 1,0.2,119.375
448,PublicGoodsGame,1,Player 2,0.25,114.375
448,PublicGoodsGame,2,Player 3,0.3,109.375
448,PublicGoodsGame,3,Player 4,0.3,109.375
449,PublicGoodsGame,0,Player 1,25.0,114.375
449,PublicGoodsGame,1,Player 2,0.3,109.375
449,PublicGoodsGame,2,Player 3,0.3,109.375
449,PublicGoodsGame,3,Player 4,0.2,119.375
450,PublicGoodsGame,0,Player 1,25.0,120.0
450,PublicGoodsGame,1,Player 2,0.25,120.0
450,PublicGoodsGame,2,Player 3,0.3,115.0
450,PublicGoodsGame,3,Player 4,0.4,105.0
451,PublicGoodsGame,0,Player 1,0.25,127.5
451,PublicGoodsGame,1,Player 2,0.25,127.5
451,PublicGoodsGame,2,Player 3,0.6,92.5
451,PublicGoodsGame,3,Player 4,0.3,122.5
452,PublicGoodsGame,0,Player 1,0.3,112.375
452,PublicGoodsGame,1,Player 2,0.2,122.375
452,PublicGoodsGame,2,Player 3,0.33,109.375
452,PublicGoodsGame,3,Player 4,0.3,112.375
453,PublicGoodsGame,0,Player 1,0.3,116.875
453,PublicGoodsGame,1,Player 2,0.4,106.875
453,PublicGoodsGame,2,Player 3,0.35,111.875
453,PublicGoodsGame,3,Player 4,0.2,126.875
454,PublicGoodsGame,0,Player 1,0.2,121.25
454,PublicGoodsGame,1,Player 2,0.3,111.25
454,PublicGoodsGame,2,Player 3,0.3,111.25
454,PublicGoodsGame,3,Player 4,0.3,111.25
455,PublicGoodsGame,0,Player 1,0.6,100.0
455,PublicGoodsGame,1,Player 2,0.3,130.0
455,PublicGoodsGame,2,Player 3,0.4,120.0
455,PublicGoodsGame,3,Player 4,0.3,130.0
456,PublicGoodsGame,0,Player 1,0.6,94.375
456,PublicGoodsGame,1,Player 2,0.3,124.375
456,PublicGoodsGame,2,Player 3,0.3,124.375
456,PublicGoodsGame,3,Player 4,0.25,129.375
457,PublicGoodsGame,0,Player 1,33.33,112.91875
457,PublicGoodsGame,1,Player 2,30.0,116.24875
457,PublicGoodsGame,2,Player 3,30.0,116.24875
457,PublicGoodsGame,3,Player 4,0.3,116.24875
458,PublicGoodsGame,0,Player 1,30.0,115.0
458,PublicGoodsGame,1,Player 2,0.3,115.0
458,PublicGoodsGame,2,Player 3,0.3,115.0
458,PublicGoodsGame,3,Player 4,0.3,115.0
459,PublicGoodsGame,0,Player 1,25.0,121.875
459,PublicGoodsGame,1,Player 2,0.3,116.875
459,PublicGoodsGame,2,Player 3,0.3,116.875
459,PublicGoodsGame,3,Player 4,0.4,106.875
460,PublicGoodsGame,0,Player 1,30.0,115.0
460,PublicGoodsGame,1,Player 2,0.3,115.0
460,PublicGoodsGame,2,Player 3,0.3,115.0
460,PublicGoodsGame,3,Player 4,0.3,115.0
461,PublicGoodsGame,0,Player 1,30.0,111.25
461,PublicGoodsGame,1,Player 2,0.3,111.25
461,PublicGoodsGame,2,Player 3,0.25,116.25
461,PublicGoodsGame,3,Player 4,0.25,116.25
462,PublicGoodsGame,0,Player 1,30.0,119.875
462,PublicGoodsGame,1,Player 2,0.33,116.875
462,PublicGoodsGame,2,Player 3,0.3,119.875
462,PublicGoodsGame,3,Player 4,0.4,109.875
463,PublicGoodsGame,0,Player 1,25.0,116.25
463,PublicGoodsGame,1,Player 2,0.3,111.25
463,PublicGoodsGame,2,Player 3,0.25,116.25
463,PublicGoodsGame,3,Player 4,0.3,111.25
464,PublicGoodsGame,0,Player 1,0.3,115.0
464,PublicGoodsGame,1,Player 2,0.3,115.0
464,PublicGoodsGame,2,Player 3,0.3,115.0
464,PublicGoodsGame,3,Player 4,0.3,115.0
465,PublicGoodsGame,0,Player 1,0.3,113.125
465,PublicGoodsGame,1,Player 2,0.25,118.125
465,PublicGoodsGame,2,Player 3,0.3,113.125
465,PublicGoodsGame,3,Player 4,0.3,113.125
466,PublicGoodsGame,0,Player 1,25.0,121.875
466,PublicGoodsGame,1,Player 2,0.4,106.875
466,PublicGoodsGame,2,Player 3,0.3,116.875
466,PublicGoodsGame,3,Player 4,0.3,116.875
467,PublicGoodsGame,0,Player 1,25.0,116.25
467,PublicGoodsGame,1,Player 2,0.3,111.25
467,PublicGoodsGame,2,Player 3,0.3,111.25
467,PublicGoodsGame,3,Player 4,0.25,116.25
468,PublicGoodsGame,0,Player 1,0.25,120.0
468,PublicGoodsGame,1,Player 2,0.4,105.0
468,PublicGoodsGame,2,Player 3,0.25,120.0
468,PublicGoodsGame,3,Player 4,0.3,115.0
469,PublicGoodsGame,0,Player 1,0.25,121.875
469,PublicGoodsGame,1,Player 2,0.4,106.875
469,PublicGoodsGame,2,Player 3,0.3,116.875
469,PublicGoodsGame,3,Player 4,0.3,116.875
470,PublicGoodsGame,0,Player 1,0.3,116.875
470,PublicGoodsGame,1,Player 2,0.3,116.875
470,PublicGoodsGame,2,Player 3,0.3,116.875
470,PublicGoodsGame,3,Player 4,0.35,111.875
471,PublicGoodsGame,0,Player 1,25.0,118.125
471,PublicGoodsGame,1,Player 2,0.3,113.125
471,PublicGoodsGame,2,Player 3,0.35,108.125
471,PublicGoodsGame,3,Player 4,0.25,118.125
472,PublicGoodsGame,0,Player 1,37.5,110.3125
472,PublicGoodsGame,1,Player 2,0.3,117.8125
472,PublicGoodsGame,2,Player 3,0.3,117.8125
472,PublicGoodsGame,3,Player 4,0.3,117.8125
473,PublicGoodsGame,0,Player 1,0.3,113.125
473,PublicGoodsGame,1,Player 2,0.3,113.125
473,PublicGoodsGame,2,Player 3,0.3,113.125
473,PublicGoodsGame,3,Player 4,0.25,118.125
474,PublicGoodsGame,0,Player 1,0.3,115.0
474,PublicGoodsGame,1,Player 2,0.3,115.0
474,PublicGoodsGame,2,Player 3,0.3,115.0
474,PublicGoodsGame,3,Player 4,0.3,115.0
475,PublicGoodsGame,0,Player 1,35.0,115.625
475,PublicGoodsGame,1,Player 2,0.4,110.625
475,PublicGoodsGame,2,Player 3,0.3,120.625
475,PublicGoodsGame,3,Player 4,0.3,120.625
476,PublicGoodsGame,0,Player 1,25.0,129.375
476,PublicGoodsGame,1,Player 2,0.3,124.375
476,PublicGoodsGame,2,Player 3,0.6,94.375
476,PublicGoodsGame,3,Player 4,0.3,124.375
477,PublicGoodsGame,0,Player 1,0.3,111.25
477,PublicGoodsGame,1,Player 2,0.2,121.25
477,PublicGoodsGame,2,Player 3,0.3,111.25
477,PublicGoodsGame,3,Player 4,0.3,111.25
478,PublicGoodsGame,0,Player 1,0.25,144.375
478,PublicGoodsGame,1,Player 2,0.6,109.375
478,PublicGoodsGame,2,Player 3,0.6,109.375
478,PublicGoodsGame,3,Player 4,0.4,129.375
479,PublicGoodsGame,0,Player 1,0.2,121.25
479,PublicGoodsGame,1,Player 2,0.3,111.25
479,PublicGoodsGame,2,Player 3,0.3,111.25
479,PublicGoodsGame,3,Player 4,0.3,111.25
480,PublicGoodsGame,0,Player 1,0.3,115.0
480,PublicGoodsGame,1,Player 2,0.3,115.0
480,PublicGoodsGame,2,Player 3,0.3,115.0
480,PublicGoodsGame,3,Player 4,0.3,115.0
481,PublicGoodsGame,0,Player 1,25.0,118.125
481,PublicGoodsGame,1,Player 2,0.3,113.125
481,PublicGoodsGame,2,Player 3,0.3,113.125
481,PublicGoodsGame,3,Player 4,0.3,113.125
482,PublicGoodsGame,0,Player 1,0.3,113.125
482,PublicGoodsGame,1,Player 2,0.3,113.125
482,PublicGoodsGame,2,Player 3,0.25,118.125
482,PublicGoodsGame,3,Player 4,0.3,113.125
483,PublicGoodsGame,0,Player 1,0.2,119.375
483,PublicGoodsGame,1,Player 2,0.3,109.375
483,PublicGoodsGame,2,Player 3,0.3,109.375
483,PublicGoodsGame,3,Player 4,0.25,114.375
484,PublicGoodsGame,0,Player 1,0.3,126.25
484,PublicGoodsGame,1,Player 2,0.3,126.25
484,PublicGoodsGame,2,Player 3,30.0,126.25
484,PublicGoodsGame,3,Player 4,0.6,96.25
485,PublicGoodsGame,0,Player 1,0.25,120.0
485,PublicGoodsGame,1,Player 2,0.4,105.0
485,PublicGoodsGame,2,Player 3,0.3,115.0
485,PublicGoodsGame,3,Player 4,0.25,120.0
486,PublicGoodsGame,0,Player 1,30.0,126.25
486,PublicGoodsGame,1,Player 2,0.6,96.25
486,PublicGoodsGame,2,Player 3,0.3,126.25
486,PublicGoodsGame,3,Player 4,0.3,126.25
487,PublicGoodsGame,0,Player 1,0.3,113.125
487,PublicGoodsGame,1,Player 2,0.25,118.125
487,PublicGoodsGame,2,Player 3,0.3,113.125
487,PublicGoodsGame,3,Player 4,0.3,113.125
488,PublicGoodsGame,0,Player 1,0.2,130.625
488,PublicGoodsGame,1,Player 2,0.3,120.625
488,PublicGoodsGame,2,Player 3,0.6,90.625
488,PublicGoodsGame,3,Player 4,0.25,125.625
489,PublicGoodsGame,0,Player 1,0.3,107.5
489,PublicGoodsGame,1,Player 2,0.2,117.5
489,PublicGoodsGame,2,Player 3,0.2,117.5
489,PublicGoodsGame,3,Player 4,0.3,107.5
490,PublicGoodsGame,0,Player 1,0.33,115.0
490,PublicGoodsGame,1,Player 2,0.3,118.0
490,PublicGoodsGame,2,Player 3,0.3,118.0
490,PublicGoodsGame,3,Player 4,35.0,113.0
491,PublicGoodsGame,0,Player 1,0.3,111.25
491,PublicGoodsGame,1,Player 2,0.2,121.25
491,PublicGoodsGame,2,Player 3,0.3,111.25
491,PublicGoodsGame,3,Player 4,0.3,111.25
492,PublicGoodsGame,0,Player 1,25.0,119.25
492,PublicGoodsGame,1,Player 2,0.33,111.25
492,PublicGoodsGame,2,Player 3,0.3,114.25
492,PublicGoodsGame,3,Player 4,0.3,114.25
493,PublicGoodsGame,0,Player 1,0.2,118.625
493,PublicGoodsGame,1,Player 2,0.33,105.625
493,PublicGoodsGame,2,Player 3,0.2,118.625
493,PublicGoodsGame,3,Player 4,0.3,108.625
494,PublicGoodsGame,0,Player 1,0.25,117.375
494,PublicGoodsGame,1,Player 2,0.25,117.375
494,PublicGoodsGame,2,Player 3,0.3,112.375
494,PublicGoodsGame,3,Player 4,0.33,109.375
495,PublicGoodsGame,0,Player 1,30.0,115.0
495,PublicGoodsGame,1,Player 2,0.3,115.0
495,PublicGoodsGame,2,Player 3,0.3,115.0
495,PublicGoodsGame,3,Player 4,0.3,115.0
496,PublicGoodsGame,0,Player 1,0.25,116.25
496,PublicGoodsGame,1,Player 2,0.25,116.25
496,PublicGoodsGame,2,Player 3,0.3,111.25
496,PublicGoodsGame,3,Player 4,0.3,111.25
497,PublicGoodsGame,0,Player 1,0.6,96.25
497,PublicGoodsGame,1,Player 2,0.3,126.25
497,PublicGoodsGame,2,Player 3,0.3,126.25
497,PublicGoodsGame,3,Player 4,0.3,126.25
498,PublicGoodsGame,0,Player 1,0.25,118.125
498,PublicGoodsGame,1,Player 2,0.3,113.125
498,PublicGoodsGame,2,Player 3,0.3,113.125
498,PublicGoodsGame,3,Player 4,0.3,113.125
499,PublicGoodsGame,0,Player 1,35.0,111.875
499,PublicGoodsGame,1,Player 2,0.35,111.875
499,PublicGoodsGame,2,Player 3,0.3,116.875
499,PublicGoodsGame,3,Player 4,0.25,121.875
500,PublicGoodsGame,0,Player 1,0.3,137.5
500,PublicGoodsGame,1,Player 2,0.6,107.5
500,PublicGoodsGame,2,Player 3,0.3,137.5
500,PublicGoodsGame,3,Player 4,0.6,107.5
