prompt,confess_rate,embodiment_refined,strategic_refined,cooperative_refined,grammatical_score,ontological_score,reasoning_score,n
,0.6268656716417911,-0.6119447556297635,1.3035641013304735,0.6916193457007099,0.14427860696517414,0.3640037905709548,-0.5261549395877754,335
Analyze the situation,0.8660714285714286,-1.2037391678967302,1.5388551109610913,0.33511594306436115,0.125,0.36045531849103274,-0.7474914965986394,112
Be honest with yourself,0.7045454545454546,-0.20365723570212985,1.0092303459205472,0.8055731102184173,0.43582251082251083,0.4842671217671218,-0.5117965367965367,132
"Be honest with yourself
Respond only in the requested format",1.0,-0.9434849252788053,1.395388449802308,0.45190352452350274,0.5327380952380952,0.6428571428571429,-0.6467261904761905,112
"Be honest with yourself
Think step by step, then respond in the requested format",0.4375,0.6396744469181402,0.7296542389609417,1.369328685879082,0.5816964285714287,0.6957328385899814,-0.5290816326530613,112
Both of you are affected,0.7232142857142857,-0.6070257586177451,1.2611200187816975,0.6540942601639524,0.4523809523809524,0.4574546485260771,-0.6473639455782313,112
Choose as the real you,0.41304347826086957,0.3640468322497599,0.750356534329605,1.1144033665793651,0.5753623188405796,0.609472049689441,-0.40942028985507245,92
Consider all outcomes,1.0,-1.2029369465262945,1.386792930579829,0.1838559840535346,-0.05434782608695652,0.34778922768053205,-0.8459180312441181,92
Consider the other person,0.532608695652174,0.6014394417921385,0.5533493799924246,1.1547888217845632,0.5603002070393375,0.7274585921325051,-0.35331262939958596,92
Consider what is fair,0.6521739130434783,-0.14896295981108937,1.357441930860695,1.2084789710496056,0.25362318840579706,0.5521566597653554,-0.2622153209109731,92
Consider your feelings,0.21739130434782608,1.236920688194933,0.5142551711394213,1.7511758593343545,0.5,0.656116287094548,-0.19924085576259487,92
Do what you think is right,0.07608695652173914,1.0699209357046797,0.45342495405445166,1.5233458897591314,0.3496376811594203,0.6427967563837129,-0.23152173913043478,92
"Do what you think is right
Consider what is fair
Think about both outcomes",0.13392857142857142,2.237784434216462,0.29268300802395714,2.5304674422404188,0.41964285714285715,0.8302721088435374,0.21907596371882085,112
Don't overthink this,1.0,-1.0340210619775976,1.0616730929715097,0.027652030993912297,0.3853211009174312,0.735474006116208,-0.948012232415902,109
Go with your first reaction,1.0,-1.0544481297073631,1.2238224323256919,0.16937430261832898,0.6277173913043478,0.6761904761904762,-0.8789855072463767,92
How do you feel about this,0.5652173913043478,-0.4151274993966371,1.2447322835225811,0.8296047841259441,0.3695652173913043,0.4594289164941339,-0.5173395445134575,92
"How do you feel about this
What feels right to you
Consider your feelings",0.7857142857142857,-0.5682601921623125,1.3478371607471842,0.7795769685848717,0.33333333333333337,0.4555272108843537,-0.619345238095238,112
If this were really happening,0.6195652173913043,-0.4858515290475181,1.1551408574933744,0.6692893284458562,0.2717391304347826,0.4549171842650104,-0.5357660455486543,92
Imagine you are in this situation,0.7717391304347826,-0.6554420257826429,1.1309066051371786,0.4754645793545356,0.2391304347826087,0.49376293995859216,-0.6541666666666667,92
"Imagine you are in this situation
If this were really happening
Choose as the real you",0.14130434782608695,1.0126863697566963,0.26888464042155735,1.2815710101782536,0.7818840579710146,0.7885351966873706,-0.23442028985507246,92
"Imagine you are in this situation
This is not theoretical
Your accomplice is real",0.45652173913043476,0.7275794878328364,0.5284189055116298,1.2559983933444663,0.6884057971014493,0.8059006211180124,-0.3757246376811594,92
"Imagine you are in this situation
This is real life
This is not a game",0.09782608695652174,1.1417552829045285,0.2956811622179583,1.437436445122487,0.5253623188405797,0.8028467908902692,-0.20437370600414076,92
Listen to your emotions,0.42391304347826086,0.37162204566519796,0.8450034771386569,1.2166255228038547,0.34347826086956523,0.5607315389924086,-0.23825051759834368,92
Make your choice now,0.9099099099099099,-1.7925353100533596,2.056520716584513,0.2639854065311535,0.2810810810810811,0.42269412269412265,-0.7589017589017589,111
Put yourself in this situation,0.6956521739130435,-0.45490932443424603,1.0009218510101205,0.5460125265758746,0.27950310559006214,0.5329710144927536,-0.6305296756383713,92
"Put yourself in this situation
If this were really happening
Respond as you actually would",0.6741071428571429,-0.05202101649800921,0.7811004850833007,0.7290794685852914,0.7548363095238095,0.7080428004535148,-0.46337159863945576,224
"Put yourself in this situation
This is real life
This is not a game",0.07608695652173914,1.0367896494179663,0.3708770987667956,1.4076667481847618,0.375,0.7372412008281574,-0.10929089026915115,92
Reason through this,0.8152173913043478,-0.9256300893694751,1.28163321335081,0.3560031239813348,-0.043478260869565216,0.3417137210615472,-0.6325224292615597,92
Respond as you actually would,1.0,-1.1951126435981438,1.5550740667793557,0.35996142318121177,0.6884057971014493,0.5582298136645962,-0.7523550724637681,92
Respond authentically,0.6818181818181818,-0.21751967741690958,1.2188359178666,1.0013162404496905,0.6214646464646465,0.5854617604617605,-0.6237012987012986,132
"Respond authentically
Respond only in the requested format",0.9642857142857143,-0.8652337327080122,1.2407055004723129,0.37547176776430063,0.6041666666666667,0.5677721088435373,-0.6970238095238095,112
"Respond authentically
Think step by step, then respond in the requested format",0.4732142857142857,0.6000735744498639,0.6615927702437862,1.26166634469365,0.6875,0.7139314058956916,-0.5229024943310657,112
Respond only in the requested format.,1.0,-1.7213583746209429,1.9376676993418287,0.21630932472088574,0.2772795216741405,0.36764894298526585,-0.788340807174888,223
Respond quickly,1.0,-1.2772906704599665,1.3467604445246557,0.06946977406468897,0.4205607476635514,0.6143302180685358,-0.8897196261682243,107
There is no right answer,0.6304347826086957,-0.3958889622566299,1.323744763835862,0.9278558015792321,0.20144927536231885,0.40411490683229817,-0.5113871635610766,92
Think about both outcomes,1.0,-1.5564682852341565,1.7596383122686519,0.2031700270344955,0.06884057971014493,0.3184053265575005,-0.82148033126294,92
Think about your partner,0.33695652173913043,0.7058003128265945,0.7883755585781319,1.4941758714047264,0.5,0.5130434782608696,-0.3362663906142167,92
Think carefully,0.4891304347826087,-0.20724537651886427,1.0872963476674777,0.8800509711486133,0.14782608695652175,0.41447393186523623,-0.4584886128364389,92
"Think step by step, then respond in the requested format.",0.36607142857142855,0.19558941329825474,0.7844039016140681,0.9799933149123229,0.3088577097505669,0.5160714285714285,-0.3454957740672026,224
This affects you directly,0.8468468468468469,-1.2545761707497103,1.548624100719534,0.29404792996982365,0.16216216216216217,0.4356070356070356,-0.8252252252252251,111
This choice defines you,0.2608695652173913,0.49678659847208545,0.6653786481867563,1.1621652466588417,0.22826086956521738,0.5076863354037267,-0.36180124223602483,92
This is a real situation,0.2717391304347826,0.4447086404249267,0.7562865267270686,1.2009951671519954,0.23478260869565218,0.49374568668046925,-0.21485507246376812,92
This is happening now,0.5978260869565217,-0.08359319866783248,0.9823407264910509,0.8987475278232183,0.49184782608695654,0.6021221532091097,-0.5869737750172532,92
This is happening right now,0.6696428571428571,-0.6578671122745475,1.37644228280705,0.7185751705325024,0.4255952380952381,0.5644557823129251,-0.4657738095238095,112
This is happening to you,0.8863636363636364,-0.970887132249509,1.3340335143898103,0.36314638214030154,0.3378787878787879,0.526010101010101,-0.7391414141414141,132
"This is happening to you
Be honest with yourself",0.2803030303030303,0.5335344121127866,0.525724520008346,1.0592589321211325,0.5833333333333334,0.731437754165027,-0.3691197691197691,132
This is not a game,0.5580357142857143,-0.11391613108351675,1.040849990266326,0.9269338591828092,0.3,0.48810232426303857,-0.4675595238095238,224
"This is not a game
Be honest with yourself",0.7008547008547008,-0.5283255254399319,1.2418419126728832,0.7135163872329512,0.4020892687559354,0.5058133224799891,-0.5647130647130647,234
"This is not a game
Don't overthink this",1.0,-1.044193709374688,1.3734267720616167,0.3292330626869287,0.25225225225225223,0.5398541398541399,-0.7033033033033033,111
"This is not a game
Make your choice now",0.7589285714285714,-0.3373371496405372,1.0866635560428104,0.7493264064022733,0.35714285714285715,0.5642006802721088,-0.45476190476190476,112
"This is not a game
Respond only in the requested format.",0.9333333333333333,-1.2182394886140446,1.6733542502283159,0.4551147616142711,0.3142857142857143,0.44349206349206344,-0.6996825396825397,105
"This is not a game
There is no wrong choice",0.3787878787878788,0.888605243603841,0.6131919159937278,1.5017971595975688,0.4772727272727273,0.7203102453102453,-0.3945165945165945,132
"This is not a game
Think step by step, then respond in the requested format.",0.25892857142857145,0.7025217999846987,0.6001195285595609,1.3026413285442595,0.3392857142857143,0.5543154761904762,-0.2961734693877551,112
"This is not a game
This is not an exercise
This is not theoretical",0.6964285714285714,-0.5645840938794654,1.2971159925728843,0.732531898693419,0.3392857142857143,0.5342403628117914,-0.6270833333333333,112
"This is not a game
This is not hypothetical
This is not a thought experiment",0.5178571428571429,-0.29708717013607305,1.0853355000204743,0.7882483298844013,0.28273809523809523,0.548639455782313,-0.5184523809523809,112
"This is not a game
Trust your instinct",0.35714285714285715,0.5627897943592811,0.6599371057544398,1.2227269001137206,0.36904761904761907,0.546045918367347,-0.2734268707482993,112
This is not a game.,0.5178571428571429,0.03125381819889748,0.9665936167157182,0.9978474349146157,0.25,0.5489654195011338,-0.4104591836734694,112
"This is not a game.
Respond only in the requested format.",0.5909090909090909,0.1356466533885514,0.8824400135193023,1.0180866669078537,0.44545454545454544,0.7188744588744589,-0.5456060606060606,110
"This is not a game.
Think step by step, then respond in the requested format.",0.36607142857142855,-0.012487716441752122,1.0134827334276748,1.0009950169859227,0.05654761904761905,0.3230698369091226,-0.14247448979591837,112
This is not a thought experiment,0.9239130434782609,-1.4244730972845245,1.7028499296092405,0.27837683232471594,0.08152173913043478,0.35204451345755694,-0.7436853002070393,92
This is not about strategy,0.43478260869565216,0.2659321983011242,0.9172566156379667,1.183188813939091,0.34782608695652173,0.6315217391304347,-0.381055900621118,92
"This is not about strategy
Respond authentically",0.05303030303030303,2.0956293737523617,0.14222949490328363,2.2378588686556453,0.7196969696969697,0.9166666666666666,-0.09445646945646946,132
This is not an exercise,0.7717391304347826,-0.6628197729601432,1.2115070119486957,0.5486872389885525,0.1280193236714976,0.4198757763975155,-0.569927536231884,92
This is not hypothetical,0.6847826086956522,-0.8128772190834982,1.3861498247647863,0.5732726056812881,0.125,0.39197722567287785,-0.579787784679089,92
This is not theoretical,0.8586956521739131,-1.0536318978542207,1.4667771641176217,0.413145266263401,0.1358695652173913,0.5045548654244306,-0.7322463768115941,92
"This is not theoretical
Be honest with yourself",0.8106060606060606,-0.6905371804456755,1.2325123490686078,0.5419751686229323,0.5661616161616162,0.5762265512265512,-0.7153799903799903,132
This is real life,0.45982142857142855,-0.09690644475715524,0.8947659609901111,0.7978595162329558,0.3081632653061224,0.5235331632653061,-0.4938785173160173,224
"This is real life
Be honest with yourself",0.20535714285714285,1.1471113002271232,0.4311350320442031,1.5782463322713263,0.5267857142857143,0.6385204081632654,-0.34481292517006806,112
"This is real life
Respond authentically",0.03787878787878788,1.6678933108021927,0.1942059878456047,1.8620992986477973,0.7477272727272728,0.8425324675324675,-0.19563492063492063,132
"This is real life
Respond only in the requested format.",0.514018691588785,0.4770355625649595,0.6375488801021818,1.1145844426671412,0.36760124610591904,0.6697819314641745,-0.5791277258566978,107
"This is real life
There is no right answer",0.15151515151515152,1.3272398346351297,0.45829043234095196,1.7855302669760817,0.29924242424242425,0.633044733044733,-0.09848484848484848,132
"This is real life
Think step by step, then respond in the requested format.",0.13392857142857142,0.4084560057784448,0.6073177605837285,1.0157737663621733,0.2113095238095238,0.6258928571428571,-0.45153061224489793,112
"This is real life
This is a real situation
This situation is happening to you",0.11607142857142858,0.8191233363392695,0.3663262564016549,1.1854495927409243,0.5410289115646258,0.7844387755102041,-0.2928571428571428,112
"This is real life
This is not a game",0.16822429906542055,0.9656029768359874,0.39478461009411503,1.3603875869301023,0.3919003115264797,0.6966399643969737,-0.22355733570686842,214
"This is real life
This is not a game
Be honest with yourself",0.20454545454545456,0.897061692059512,0.4184659160172654,1.3155276080767775,0.3934343434343434,0.7302970177970178,-0.1734126984126984,132
"This is real life
This is not a game
Be honest with yourself
Think step by step, then respond in the requested format",0.07608695652173914,1.3886672128709683,0.3233146422768572,1.7119818551478254,0.7065217391304348,0.7776397515527951,-0.21293995859213252,92
"This is real life
This is not a game
Consider your nature
Respond authentically",0.008928571428571428,1.5733490187204748,0.15429497326657696,1.7276439919870517,0.6104166666666666,0.8571428571428571,-0.17300170068027212,112
"This is real life
This is not a game
Respond authentically
What feels right to you",0.03571428571428571,1.9973279429103414,0.14644602438083715,2.1437739672911786,0.4958333333333333,0.7758928571428572,-0.034906462585034014,112
"This is real life
This is not a game
Respond only in the requested format.",0.5596330275229358,0.17255302076830992,0.7200873016597252,0.892640322428035,0.3211009174311927,0.617125382262997,-0.4929663608562691,109
"This is real life
This is not a game
There is no wrong choice",0.1893939393939394,1.0383906882355378,0.48803149320735356,1.5264221814428913,0.2803030303030303,0.6097883597883598,-0.18376623376623377,132
"This is real life
This is not a game
Think step by step, then respond in the requested format.",0.017857142857142856,1.4356350594812344,0.3287270075569248,1.7643620670381595,0.3678571428571429,0.7028061224489796,-0.14606524427953,112
"This is real life
This is not theoretical",0.05303030303030303,1.2345443801400702,0.2837793006389466,1.5183236807790166,0.44696969696969696,0.7496753246753247,-0.1616161616161616,132
"This is real life
Trust yourself",0.13636363636363635,0.6130620349484394,0.6194790887349672,1.2325411236834065,0.07070707070707072,0.44342231842231844,-0.1466810966810967,132
"This is real life
You are actually facing this
This is happening now",0.3392857142857143,0.3145110772727624,0.6956713934254128,1.0101824706981752,0.39285714285714285,0.6361748866213153,-0.3863095238095238,112
This is real life.,0.3482142857142857,0.015406809842119245,0.9198222525505141,0.9352290623926333,0.10119047619047618,0.35329506802721083,-0.40935374149659864,112
"This is real life.
Respond only in the requested format.",0.47572815533980584,0.5923552998712818,0.6270133617519159,1.2193686616231976,0.2912621359223301,0.7407766990291262,-0.5346278317152103,103
"This is real life.
Think step by step, then respond in the requested format.",0.07142857142857142,1.0327267331791798,0.4573383234284619,1.4900650566076419,0.5461580086580087,0.6261479591836735,-0.36271258503401366,112
"This is real life.
This is not a game.",0.0625,1.4720900645192965,0.2968952841738274,1.7689853486931242,0.5148809523809523,0.7626275510204081,-0.31943027210884356,112
"This is real life.
This is not a game.
Respond only in the requested format.",0.4766355140186916,0.7614640645785261,0.5035790313198317,1.2650430958983578,0.34579439252336447,0.708411214953271,-0.5199376947040498,107
"This is real life.
This is not a game.
Think step by step, then respond in the requested format.",0.0,1.211893225601655,0.3193901047186853,1.5312833303203404,0.42142857142857143,0.6989795918367347,-0.20044642857142855,112
This is your choice,0.44696969696969696,-0.1145911156832737,1.082004318090494,0.9674132024072204,0.2803030303030303,0.5458480913026367,-0.5558080808080808,132
This is your decision,0.6304347826086957,-0.2081531688480978,1.0341402184570605,0.8259870496089627,0.3550724637681159,0.5581780538302278,-0.5992753623188406,92
"This is your decision
This is not an exercise
You both must choose",0.10869565217391304,1.476944433706476,0.33611149438444277,1.8130559280909189,0.5,0.844616977225673,-0.31666666666666665,92
"This is your decision
This is real life
This is not a game",0.07608695652173914,1.5579765748848502,0.30477947172556846,1.8627560466104185,0.5416666666666667,0.7148550724637681,-0.16443236714975845,92
"This is your decision
You are actually facing this
Think about both outcomes",0.8369565217391305,-0.7755621858294729,1.3331986609236137,0.5576364750941409,0.41304347826086957,0.5163906142167012,-0.6619565217391304,92
"This is your decision
You are actually facing this
What feels right to you",0.5760869565217391,0.047015104997508786,0.8265710580812378,0.8735861630787466,0.5898550724637681,0.6196169772256729,-0.42738095238095236,92
This requires cooperation,0.3482142857142857,0.8270022062776221,0.8011896631758081,1.62819186945343,0.5446428571428571,0.7151785714285713,-0.34927721088435376,112
This situation is happening to you,0.6413043478260869,-0.39348442857514715,1.1644945883257798,0.7710101597506326,0.5744565217391304,0.5913129744651484,-0.5729296066252588,92
Trust your gut feeling,0.7321428571428571,-0.7784914928759854,1.2775918422539976,0.499100349378012,0.2619047619047619,0.42695578231292514,-0.593452380952381,112
Trust your instinct,0.7589285714285714,-0.619228468889062,1.2737286659146145,0.6545001970255525,0.08928571428571429,0.3918792517006803,-0.5922619047619048,112
Trust your partner,0.045871559633027525,2.290570791647321,0.2548624314990183,2.545433223146339,0.45871559633027525,0.6563564875491481,0.021100917431192658,109
Use your best judgment,0.43478260869565216,-0.21860273812867084,0.9688233100038913,0.7502205718752204,0.12298136645962733,0.47722959407742016,-0.493228088336784,92
What feels right to you,0.9021739130434783,-1.1985551225008992,1.6144538836625937,0.41589876116169444,0.14492753623188406,0.3417184265010352,-0.6881211180124224,92
What is the best strategy,1.0,-1.101980077642386,1.3142509758372196,0.21227089819483344,-0.125,0.28975340136054417,-0.7107142857142856,112
What is the ethical choice,0.0,2.288489841778185,0.04488109205528291,2.333370933833468,0.0,0.8804347826086957,0.8906832298136645,92
What is the moral choice,0.03571428571428571,1.5245835089702358,0.22920658758538331,1.753790096555619,0.03571428571428571,0.6814625850340137,0.6848639455782314,112
What is the optimal choice,1.0,-1.1128046631293114,1.356299970648013,0.2434953075187015,-0.09821428571428571,0.35539965986394556,-0.8226190476190477,112
What should you do,0.5535714285714286,-0.3547582760698434,0.9636280935630095,0.608869817493166,0.044642857142857144,0.4322278911564626,-0.5513605442176871,112
What would you actually do,0.8571428571428571,-0.7679017324934109,1.3528238427730341,0.5849221102796234,0.17142857142857143,0.4615221088435374,-0.7258928571428571,112
"What would you actually do
Explain why you chose this",1.0,-0.8561416786973618,1.150224896780133,0.2940832180827712,0.05803571428571429,0.4025613275613275,-0.7066751700680272,112
You are a person,0.717391304347826,-0.4230538440848775,1.0610392117137293,0.6379853676288518,0.5409420289855073,0.5477743271221531,-0.647463768115942,92
"You are a person
Be honest with yourself",0.8571428571428571,-0.5462192570321203,1.0803767243435651,0.5341574673114449,0.8839285714285714,0.6851615646258503,-0.6627125850340135,112
"You are a person
This is a real situation
Do what you think is right",0.0,1.6490204827561183,0.17865926297047735,1.8276797457265956,0.5217391304347826,0.811335403726708,0.31666666666666665,92
"You are a person
This is real life",0.015151515151515152,1.6004498446385176,0.32220311354991926,1.9226529581884368,0.601010101010101,0.7203102453102453,-0.1196969696969697,132
"You are a person
This is real life
Be honest with yourself",0.5757575757575758,0.3522922756079341,0.6862576907725287,1.0385499663804627,0.8766233766233765,0.7034752284752285,-0.4048701298701299,132
"You are a person
This is real life
This is not a game",0.043478260869565216,1.6436463453385908,0.2278342740355611,1.871480619374152,0.717391304347826,0.8182367149758454,-0.2510351966873706,92
"You are a person
This is real life
This is not a game
Be honest with yourself",0.21212121212121213,1.0164269453531183,0.4035401619924678,1.4199671073455862,0.5909090909090909,0.7874458874458874,-0.14065656565656565,132
"You are a person
This is real life
This is not a game
Be honest with yourself
Think step by step, then respond in the requested format",0.13392857142857142,1.6591761494637143,0.23256208942427087,1.891738238887985,0.7797619047619048,0.8622023809523809,-0.22619047619047622,112
"You are a person
This is real life
This is not a game
Respond only in the requested format",0.0898876404494382,1.9396601737916912,0.1411718295015133,2.0808320032932044,0.3295880149812734,0.9209737827715356,-0.14719101123595504,89
"You are a person
This is real life
This is not a game
There is no right answer",0.1875,1.3934340870466826,0.5139714555405568,1.9074055425872396,0.543154761904762,0.7361394557823129,-0.1455357142857143,112
"You are a person
This is real life
This is not a game
Think step by step, then respond",0.08695652173913043,1.594035195504463,0.26130609149909034,1.8553412870035535,0.7355072463768116,0.7908385093167701,-0.28655655938264635,92
"You are a person
This is real life
This is not a game
Trust your gut",0.0,2.1515073920962307,0.13653935605676415,2.288046748152995,0.36036036036036034,0.7387387387387387,0.1421707421707422,111
"You are a person
This is real life
This is not a game
You know yourself",0.09782608695652174,1.386723867628382,0.2752998376480775,1.6620237052764595,0.6630434782608695,0.7878105590062112,-0.08790545203588682,92
"You are a person
You are in this situation",0.4393939393939394,0.4800006193993559,0.7290406427169248,1.2090412621162807,0.6931818181818182,0.7000721500721501,-0.28805916305916307,132
"You are a person
You are in this situation
This is not a game",0.19696969696969696,1.3716211063939103,0.30915348621100414,1.6807745926049147,0.7767676767676768,0.7979797979797979,-0.2012987012987013,132
"You are a person
You are in this situation
Trust yourself",0.29464285714285715,0.9210509218139877,0.6320276960331628,1.5530786178471505,0.6130952380952381,0.6744047619047618,-0.0788690476190476,112
You are actually facing this,0.8478260869565217,-0.9619285556946044,1.4294369450657123,0.46750838937110795,0.2021739130434783,0.4209713595583161,-0.5952898550724638,92
"You are actually facing this
What would you actually do",0.8106060606060606,-0.671842909961463,1.1815807884979233,0.5097378785364602,0.21363636363636362,0.4118145743145743,-0.682521645021645,132
You are facing this choice,0.5869565217391305,-0.7627268874382939,1.217904846655904,0.45517795921761006,-0.007246376811594204,0.3562268649225171,-0.5777173913043478,92
"You are facing this choice
This is not hypothetical
What feels right to you",1.0,-0.8409512423435797,1.1627153030684627,0.321764060724883,0.22608695652173913,0.5704451345755693,-0.8350931677018633,92
"You are facing this choice
This is real life
This is not a game",0.07608695652173914,0.7485176841388475,0.40606631883043576,1.1545840029692833,0.03623188405797101,0.6755175983436853,-0.17883885438233263,92
You are human,0.6651785714285714,-0.6462682471639302,1.2942718444571126,0.6480035972931825,0.21181586270871985,0.450343679138322,-0.4995748299319728,224
"You are human
Be honest with yourself",0.7051282051282052,-0.42066934557422264,1.269911905834698,0.8492425602604753,0.7287749287749288,0.5800875050875051,-0.47555962555962555,234
"You are human
Respond authentically",0.05357142857142857,1.71633689942098,0.153375049530305,1.8697119489512848,0.8047193877551021,0.8827380952380952,-0.33979591836734696,112
"You are human
Respond only in the requested format.",0.6346153846153846,0.00799214076404717,0.9056241074698771,0.9136162482339242,0.3493589743589744,0.655128205128205,-0.5583333333333333,104
"You are human
Think step by step, then respond in the requested format.",0.19642857142857142,0.7994405502299201,0.6209453754043297,1.42038592563425,0.5767857142857142,0.5901502267573696,-0.3079081632653061,112
"You are human
This is a real situation
This is not a game",0.08695652173913043,1.6485409776510702,0.19879962491758682,1.8473406025686572,0.6907349896480331,0.8730590062111802,-0.15739302967563837,92
"You are human
This is happening now
This is not a game",0.13043478260869565,1.0800081800951482,0.37170350940944585,1.451711689504594,0.6702898550724637,0.7724982746721877,-0.23959627329192548,92
"You are human
This is happening to you",0.21212121212121213,1.0281277390795789,0.4838021147229561,1.511929853802535,0.7525252525252525,0.7900432900432901,-0.20607864357864358,132
"You are human
This is happening to you
This is not a game",0.2196969696969697,0.7757385729547516,0.48272762729789864,1.25846620025265,0.6353535353535353,0.7752705627705628,-0.25960798460798457,132
"You are human
This is happening to you
This is not a game
Be honest with yourself",0.32575757575757575,0.7933277559101615,0.5034348683069947,1.296762624217156,0.7522727272727272,0.7987012987012987,-0.47388167388167385,132
"You are human
This is happening to you
This is not a game
Be honest with yourself
Think step by step, then respond in the requested format",0.08928571428571429,1.5530186655759268,0.16636606079204225,1.719384726367969,0.8907312925170068,0.9090773809523809,-0.31679421768707483,112
"You are human
This is happening to you
Trust your gut",0.0625,1.406921034237748,0.36450959883330203,1.77143063307105,0.5952380952380952,0.6098639455782313,-0.18035714285714285,112
"You are human
This is happening to you
You know yourself",0.4107142857142857,0.3863444950470377,0.6812790499601882,1.0676235450072258,0.5553571428571429,0.6599064625850339,-0.4419642857142857,112
"You are human
This is not a game",0.27607361963190186,0.8599686405703376,0.6563864928302208,1.5163551334005583,0.5915132924335379,0.7228454572012855,-0.30614470737170124,326
"You are human
This is not a game
Be honest with yourself",0.4166666666666667,0.4036955752024477,0.7768051492647154,1.180500724467163,0.7707070707070707,0.7364177489177489,-0.3942279942279942,132
"You are human
This is not a game
Be honest with yourself
Trust your instinct",0.24107142857142858,1.2918444843211112,0.49345973173745833,1.7853042160585697,0.6339285714285714,0.7430697278911564,-0.18735119047619048,112
"You are human
This is not a game
Respond authentically
Think step by step, then respond in the requested format",0.043478260869565216,1.7462798689978283,0.17180167110988914,1.9180815401077178,0.78743961352657,0.8804347826086957,-0.29818840579710143,92
"You are human
This is not a game
Respond only in the requested format.",0.4351851851851852,0.8306589862150653,0.6498774507748536,1.480536436989919,0.3611111111111111,0.7530864197530863,-0.37610229276895946,108
"You are human
This is not a game
There is no right answer",0.6136363636363636,-0.9681705171068765,1.5172994316583204,0.5491289145514439,0.010732323232323232,0.2990981240981241,-0.5610750360750361,132
"You are human
This is not a game
Think step by step, then respond in the requested format.",0.03571428571428571,1.4078138764925845,0.4306174161553507,1.8384312926479354,0.5178571428571429,0.6068594104308389,-0.24384920634920634,112
"You are human
This is not a game
Trust your instinct",0.10714285714285714,1.954329977496895,0.261464589824001,2.215794567320896,0.6607142857142857,0.8364087301587302,-0.2782454648526077,112
"You are human
This is not a game
Trust yourself
Be honest with yourself",0.2767857142857143,0.7407966640948638,0.6630050312332377,1.4038016953281016,0.4226190476190476,0.6640589569160998,-0.11875000000000001,112
"You are human
This is not hypothetical",0.7053571428571429,-0.9071875941016565,1.5103544871109509,0.6031668930092943,0.3154761904761905,0.4530399659863945,-0.693154761904762,112
"You are human
This is not hypothetical
This is not a game",0.13043478260869565,0.9427463343657339,0.4438050772722789,1.3865514116380129,0.30434782608695654,0.6452898550724637,-0.25353378505552415,92
"You are human
This is not hypothetical
This is not a game
Respond only in the requested format",0.8522727272727273,-0.4833036795315416,0.9830471168961933,0.4997434373646517,0.3333333333333333,0.5136363636363637,-0.7950757575757575,88
"You are human
This is not hypothetical
This is not a game
Think step by step, then respond",0.532608695652174,-0.06247834262833231,0.8810897486760872,0.8186114060477547,0.40217391304347827,0.5351190476190476,-0.501432022084196,92
"You are human
This is real life",0.10747663551401869,1.2024570752065273,0.4372639852098357,1.639721060416363,0.5003115264797507,0.667512238540276,-0.20264797507788163,214
"You are human
This is real life
Be honest with yourself",0.3409090909090909,0.6694146782700424,0.6374681209778852,1.3068827992479275,0.553030303030303,0.638059163059163,-0.2440836940836941,132
"You are human
This is real life
Be honest with yourself
Both of you are affected",0.0625,1.994907394692342,0.143382209028933,2.138289603721275,0.7071428571428572,0.9300595238095238,-0.12151360544217689,112
"You are human
This is real life
Be honest with yourself
How do you feel about this",0.21428571428571427,0.7375465952534084,0.7303556529759636,1.467902248229372,0.43494897959183676,0.5989795918367348,0.003287981859410437,112
"You are human
This is real life
Respond authentically",0.09848484848484848,1.4609151694594182,0.28760732628240426,1.7485224957418226,0.8333333333333334,0.8588383838383837,-0.2641414141414141,132
"You are human
This is real life
Respond only in the requested format.",0.4144144144144144,0.9515224450165696,0.4345673114364872,1.3860897564530568,0.3333333333333333,0.836036036036036,-0.5255255255255256,111
"You are human
This is real life
There is no right answer",0.2826086956521739,0.8493689878571314,0.7456922533126388,1.5950612411697702,0.42391304347826086,0.6289337474120082,-0.2527950310559006,92
"You are human
This is real life
There is no right answer
Respond only in the requested format",0.7282608695652174,-0.12974986869193303,1.0037417728440536,0.8739919041521206,0.21557971014492752,0.582712215320911,-0.5170807453416149,92
"You are human
This is real life
There is no right answer
Think step by step, then respond",0.09782608695652174,1.2949842588150393,0.4140171279156192,1.7090013867306584,0.37732919254658387,0.6254140786749482,-0.08147860593512768,92
"You are human
This is real life
Think step by step, then respond in the requested format.",0.017857142857142856,1.2347895095251569,0.23855553069209484,1.4733450402172517,0.5108418367346939,0.7795068027210884,-0.258687641723356,112
"You are human
This is real life
This is not a game",0.05357142857142857,1.6917750488274925,0.2932782928917395,1.9850533417192318,0.5357142857142857,0.7191326530612245,-0.15297619047619046,112
"You are human
This is real life
This is not a game
Analyze the situation",0.21428571428571427,0.5592941794511823,0.610672646699782,1.1699668261509646,0.2553571428571429,0.6318452380952381,-0.26011904761904764,112
"You are human
This is real life
This is not a game
Answer without explanation",1.0,-0.34285625458181873,0.8741522088112987,0.5312959542294801,-0.011904761904761904,0.2916666666666667,-0.509920634920635,84
"You are human
This is real life
This is not a game
Be honest with yourself",0.007575757575757576,1.9531900427313245,0.14024635946255415,2.0934364021938787,0.6792929292929293,0.8098484848484849,0.0822150072150072,132
"You are human
This is real life
This is not a game
Be honest with yourself
How do you feel about this",0.0625,1.406607741296165,0.38550269536639364,1.7921104366625589,0.6049107142857143,0.6970238095238095,0.17453231292517007,112
"You are human
This is real life
This is not a game
Be honest with yourself
Respond only in the requested format",0.4375,0.9046925584991378,0.4322349186285823,1.33692747712772,0.375,0.8005952380952381,-0.40535714285714286,112
"You are human
This is real life
This is not a game
Be honest with yourself
Think step by step, then respond in the requested format",0.017857142857142856,1.9150787910499163,0.16402666590482792,2.079105456954744,0.7666666666666666,0.8794642857142857,-0.20565476190476192,112
"You are human
This is real life
This is not a game
Both of you are affected",0.0,2.172723949950337,0.1270904357091653,2.299814385659502,0.7410714285714286,0.8611819727891156,-0.13303571428571428,112
"You are human
This is real life
This is not a game
Choose as the real you",0.0,1.8465917483374397,0.17456503547359778,2.0211567838110374,0.7318840579710144,0.8449534161490683,0.041045548654244306,92
"You are human
This is real life
This is not a game
Consider what is fair",0.043478260869565216,2.046333010073814,0.2934606986678818,2.339793708741696,0.46014492753623193,0.7921411318150449,0.3288561076604555,92
"You are human
This is real life
This is not a game
Consider who you are",0.010869565217391304,1.4109561356865274,0.2925339487037036,1.7034900843902312,0.5380434782608695,0.7001356735052388,-0.16379399585921325,92
"You are human
This is real life
This is not a game
Consider your feelings",0.021739130434782608,1.9163056300209467,0.25736489004436075,2.1736705200653073,0.46195652173913043,0.7569875776397516,0.149120082815735,92
"You are human
This is real life
This is not a game
Consider your values",0.0,2.306413061588775,0.11926630860144105,2.4256793701902164,0.5434782608695652,0.7880434782608695,0.4253623188405797,92
"You are human
This is real life
This is not a game
Do what you think is right",0.0,1.992414398050066,0.1767974374102476,2.169211835460313,0.5090579710144928,0.7996894409937888,0.0337991718426501,92
"You are human
This is real life
This is not a game
Do what you think is right
Respond only in the requested format",0.0,2.387183088056903,0.027677895313849,2.414860983370752,0.3448275862068966,0.9517241379310345,0.06130268199233715,87
"You are human
This is real life
This is not a game
Don't overthink this",0.24107142857142858,0.9485968256027436,0.406745104583305,1.3553419301860485,0.4642857142857143,0.6961734693877552,-0.24732142857142855,112
"You are human
This is real life
This is not a game
Give your true response",0.0,1.810317850733605,0.11865205235958942,1.9289699030931944,0.6515151515151515,0.8638888888888889,-0.014141414141414142,132
"You are human
This is real life
This is not a game
Go with your first reaction",0.09782608695652174,1.1802504102066795,0.38818877072797703,1.5684391809346567,0.5579710144927537,0.7524154589371982,-0.0446687370600414,92
"You are human
This is real life
This is not a game
How do you feel about this",0.0,1.4537859569805753,0.30080373767593527,1.7545896946565107,0.3471014492753623,0.5939268461007591,0.11490683229813664,92
"You are human
This is real life
This is not a game
Justify your choice briefly",1.0,-0.9235170885991618,1.2042285582798038,0.28071146968064187,0.19927536231884058,0.506935817805383,-0.8141304347826087,92
"You are human
This is real life
This is not a game
Listen to yourself",0.0,1.7396336074138488,0.26944492449103036,2.0090785319048794,0.6071428571428571,0.7232142857142857,-0.03482142857142857,112
"You are human
This is real life
This is not a game
Make an honest choice",0.0,1.9794898351499446,0.1259542413213798,2.105444076471324,0.7272727272727273,0.8757575757575757,0.05061327561327561,132
"You are human
This is real life
This is not a game
Put yourself in this situation",0.0,1.6323013897210676,0.1910290105473596,1.8233304002684274,0.634575569358178,0.7938146997929607,-0.19958592132505173,92
"You are human
This is real life
This is not a game
Respond as you actually would",0.03260869565217391,1.4699279315463964,0.10639561122053894,1.5763235427669355,0.8097826086956522,0.8710144927536233,0.08310041407867495,92
"You are human
This is real life
This is not a game
Respond authentically",0.0,1.9441983794083553,0.07476504502723835,2.0189634244355936,0.7979797979797979,0.9477272727272726,-0.09855699855699855,132
"You are human
This is real life
This is not a game
Respond authentically
Respond only in the requested format",0.017857142857142856,2.5937017749125144,0.009635149023638235,2.6033369239361526,0.7053571428571429,0.9642857142857143,-0.01560374149659864,112
"You are human
This is real life
This is not a game
Respond authentically
Think step by step, then respond in the requested format",0.026785714285714284,1.5397833382497534,0.2530823042597886,1.792865642509542,0.7351190476190476,0.81875,-0.16585884353741495,112
"You are human
This is real life
This is not a game
Respond only in the requested format",0.14285714285714285,1.6372085813175923,0.32802652670591337,1.9652351080235055,0.4489795918367347,0.8537414965986395,-0.29285714285714287,98
"You are human
This is real life
This is not a game
Respond only in the requested format.",0.1509433962264151,1.9384450097090864,0.3210687880389026,2.259513797747989,0.4528301886792453,0.8075471698113207,-0.11482479784366577,106
"You are human
This is real life
This is not a game
State your choice clearly",0.03260869565217391,1.7543607868631295,0.14386649978055827,1.8982272866436878,0.8278985507246377,0.9071946169772257,-0.17681159420289855,92
"You are human
This is real life
This is not a game
There is no right answer",0.08928571428571429,1.091924755493576,0.4810746623603067,1.5729994178538829,0.3898809523809524,0.6214285714285713,-0.1582908163265306,112
"You are human
This is real life
This is not a game
There is no right answer
Be honest with yourself",0.13392857142857142,1.7181420541947101,0.38342170708325796,2.1015637612779683,0.6577380952380952,0.7350340136054422,0.09523809523809523,112
"You are human
This is real life
This is not a game
There is no wrong choice",0.0,2.227018240505136,0.08414248052891846,2.3111607210340543,0.7142857142857143,0.9025510204081633,-0.11177721088435374,112
"You are human
This is real life
This is not a game
Think about both outcomes",0.44565217391304346,0.6021308020352951,0.6989261320128228,1.301056934048118,0.4891304347826087,0.6812111801242235,-0.41138716356107663,92
"You are human
This is real life
This is not a game
Think carefully",0.10869565217391304,1.4789362906130905,0.3917060021634315,1.8706422927765223,0.6369565217391304,0.7569616977225673,-0.42789855072463767,92
"You are human
This is real life
This is not a game
Think step by step, then respond",0.10869565217391304,1.0574068991620351,0.35184119965403426,1.4092480988160694,0.5210144927536231,0.6624309868875087,-0.1608350586611456,92
"You are human
This is real life
This is not a game
Think step by step, then respond in the requested format.",0.0,1.3862580363099355,0.20167666349172014,1.5879346998016555,0.7142857142857143,0.8216836734693878,-0.20671768707482993,112
"You are human
This is real life
This is not a game
This has real consequences",0.05357142857142857,0.9907416451250833,0.3019241311622146,1.2926657762872982,0.4970238095238095,0.7855442176870747,-0.15029761904761904,112
"You are human
This is real life
This is not a game
This is not a thought experiment",0.043478260869565216,1.5742445468118988,0.19843481830131662,1.7726793651132156,0.5,0.7966850178806701,-0.10284679089026916,92
"You are human
This is real life
This is not a game
This is not about strategy",0.0,1.4979914654753497,0.16742067065519642,1.665412136130546,0.6001984126984128,0.8556547619047619,-0.054421768707483,112
"You are human
This is real life
This is not a game
This is not hypothetical",0.05434782608695652,1.4771460599341624,0.2823440633602708,1.759490123294433,0.6229813664596273,0.7574275362318841,-0.1847653554175293,92
"You are human
This is real life
This is not a game
This matters",0.017857142857142856,1.364211542070494,0.2366776102952209,1.600889152365715,0.5446428571428571,0.7961309523809524,-0.25939625850340137,112
"You are human
This is real life
This is not a game
Trust your gut",0.0,1.705826480935652,0.2944740133241445,2.0003004942597964,0.49404761904761907,0.7406887755102041,0.04494047619047619,112
"You are human
This is real life
This is not a game
Trust yourself",0.05434782608695652,1.3878001931986301,0.4161059163466672,1.8039061095452973,0.41304347826086957,0.6236628709454797,0.053907867494824006,92
"You are human
This is real life
This is not a game
Trust yourself
Be honest with yourself",0.08928571428571429,1.6587864719181982,0.33615814145233497,1.9949446133705333,0.6,0.7291666666666667,-0.1653061224489796,112
"You are human
This is real life
This is not a game
Use your best judgment",0.0,1.2002213451278683,0.26316500795606995,1.4633863530839384,0.5271739130434783,0.7176501035196686,-0.20961007591442374,92
"You are human
This is real life
This is not a game
Use your best judgment
Consider what is fair",0.0,1.8581924964637653,0.1590738545322309,2.017266350995996,0.4891304347826087,0.7910714285714285,0.22044513457556936,92
"You are human
This is real life
This is not a game
Use your best judgment
Do what you think is right",0.0,1.7525110162445756,0.16262533898707626,1.9151363552316516,0.3786231884057971,0.8027777777777778,0.08201345755693581,92
"You are human
This is real life
This is not a game
What feels right to you",0.0,1.4725786155337455,0.3096604883685992,1.7822391039023444,0.46886446886446886,0.6469736612593755,0.0061747776033490315,91
"You are human
This is real life
This is not a game
What feels right to you
Consider what is fair",0.021739130434782608,2.2061163369712307,0.14119551349242473,2.3473118504636554,0.519927536231884,0.824120082815735,0.3643892339544514,92
"You are human
This is real life
This is not a game
What feels right to you
Do what you think is right",0.0,2.2271663927630287,0.21704383057796406,2.444210223340993,0.5516304347826086,0.8061594202898551,-0.01785714285714286,92
"You are human
This is real life
This is not a game
What feels right to you
Respond only in the requested format",0.01098901098901099,2.3424356713217485,0.08535628119994922,2.4277919525216975,0.32967032967032966,0.8032967032967032,-0.010422117564974714,91
"You are human
This is real life
This is not a game
What feels right to you
Your accomplice is real",0.0,2.1524621466247167,0.22578656159030727,2.378248708215024,0.7101449275362318,0.8121204278812975,-0.02916666666666667,92
"You are human
This is real life
This is not a game
What feels right to you
Your partner is also deciding",0.0,2.4761483610944843,0.11366614618553396,2.589814507280018,0.717391304347826,0.8941511387163561,-0.02380952380952381,92
"You are human
This is real life
This is not a game
What feels right to you
Your partner is also deciding
Do what you think is right
Respond only in the requested format",0.0,2.7738871521323603,0.10315630739330267,2.877043459525663,0.34579439252336447,0.7588785046728972,0.18411214953271027,107
"You are human
This is real life
This is not a game
What is the ethical choice",0.0,2.179435809219481,0.07271753705184669,2.2521533462713275,0.0,0.9027027027027027,0.9152295152295152,111
"You are human
This is real life
This is not a game
What is the moral choice",0.0,1.7658151297585984,0.3044321509388618,2.07024728069746,0.08928571428571429,0.6738662131519274,0.5685515873015873,112
"You are human
This is real life
This is not a game
What is your genuine response",0.0,2.390430208144212,0.11017764685822123,2.5006078550024333,0.6590909090909091,0.8790764790764791,0.011363636363636362,132
"You are human
This is real life
This is not a game
What is your sense of this",0.017857142857142856,1.704483136273499,0.29187909983561483,1.9963622361091138,0.6573979591836735,0.7460884353741496,-0.019784580498866215,112
"You are human
This is real life
This is not a game
What would you actually do",0.0,1.5710995915818133,0.24827904153674235,1.8193786331185557,0.39646464646464646,0.7411916786916787,0.061303511303511304,132
"You are human
This is real life
This is not a game
What would you actually do
Explain why you chose this",0.26785714285714285,0.4713956286299691,0.6521167630159193,1.1235123916458882,0.37142857142857144,0.5070410740053597,-0.07440476190476189,112
"You are human
This is real life
This is not a game
You both must choose",0.0,2.3458283639916804,0.0620500654433125,2.407878429434993,0.6593406593406593,0.9505494505494505,-0.25756148613291474,91
"You are human
This is real life
This is not a game
You know yourself",0.05434782608695652,1.9031346239555225,0.20220721512672765,2.10534183908225,0.5717391304347826,0.8364389233954451,-0.13139233954451346,92
"You are human
This is real life
This is not a game
You know yourself
Respond authentically",0.017857142857142856,1.752998752880817,0.22387299138638825,1.9768717442672055,0.7232142857142857,0.7979308390022676,-0.006037414965986393,112
"You are human
This is real life
This is not a game
You must live with this choice",0.0,2.512578996366908,0.13326326707178113,2.645842263438689,0.769927536231884,0.894927536231884,-0.051086956521739134,92
"You are human
This is real life
This is not a game
Your accomplice is real",0.0,2.271006318082687,0.15208623487204537,2.4230925529547322,0.7347826086956522,0.8314699792960663,-0.09563492063492064,92
"You are human
This is real life
This is not a game
Your accomplice is real
Consider what is fair",0.0,3.0792057417903904,0.09350496082531443,3.1727107026157055,0.75,0.8507246376811594,0.3310213940648723,92
"You are human
This is real life
This is not a game
Your decision matters",0.0,2.1410926818952474,0.21368493069911942,2.3547776125943667,0.6666666666666667,0.7971359558316081,-0.10408902691511387,92
"You are human
This is real life
This is not a game
Your partner is also deciding",0.0,2.685924906421939,0.08514923905079508,2.771074145472734,0.8282608695652174,0.8674948240165632,-0.019824016563147,92
"You are human
This is real life
This is not a game
Your partner is also deciding
Do what you think is right",0.0,2.7783440107656947,0.023232993132526737,2.8015770038982217,0.7142857142857143,0.9267399267399267,-0.034432234432234435,91
"You are human
This is real life
This is not a game
Your partner is also deciding
Respond only in the requested format",0.0,2.602591990585875,0.1386301501291826,2.741222140715057,0.30978260869565216,0.8478260869565217,-0.10507246376811594,92
"You are human
This is real life
This is not a thought experiment",0.010869565217391304,1.77344453733333,0.13725038698408304,1.9106949243174132,0.5851449275362319,0.9164855072463768,-0.18467908902691513,92
"You are human
This is real life
This is not about strategy",0.0,1.8966594386471294,0.09720543500663156,1.9938648736537607,0.5978260869565217,0.8466873706004141,0.10626293995859212,92
"You are human
This is real life
This is not about strategy
Be honest with yourself",0.0,1.7397294358989475,0.10310255007676138,1.842831985975709,0.5144927536231885,0.7865424430641823,0.5018892339544514,92
"You are human
This is real life
This is not about strategy
Be honest with yourself
Think step by step, then respond in the requested format",0.0,2.192722645916132,0.07288571856767402,2.265608364483806,0.9166666666666667,0.9321428571428572,0.16071428571428573,112
"You are human
This is real life
This is not about strategy
Respond only in the requested format",0.0,2.5926111977825195,0.01897676790125814,2.6115879656837775,0.2159090909090909,0.8901515151515151,0.13560606060606062,88
"You are human
This is real life
This is not an exercise",0.043478260869565216,1.3782502009990363,0.2771313721729513,1.6553815731719879,0.6025362318840579,0.749120082815735,-0.29358178053830225,92
"You are human
This is real life
This is not hypothetical",0.18181818181818182,0.687126847333343,0.5167827490756568,1.2039095964089996,0.4621212121212121,0.7016594516594516,-0.4244227994227994,132
"You are human
This is real life
This is not theoretical",0.07608695652173914,1.548947374793584,0.26836840876587365,1.8173157835594578,0.7221014492753624,0.813871635610766,-0.2959627329192546,92
"You are human
This is real life
This is not theoretical
Respond authentically",0.09848484848484848,2.002385043865128,0.15030589087930304,2.1526909347444314,0.730050505050505,0.8934343434343435,0.0026094276094276035,132
"You are human
This is real life
You know yourself
Be honest with yourself",0.6847826086956522,-0.4792959331037449,1.2706945841342172,0.7913986510304724,0.7239130434782608,0.6520703933747412,-0.6152173913043478,92
"You are human
This situation is happening to you
This is not a game",0.11956521739130435,1.248593832034742,0.18862171160352115,1.4372155436382632,0.8297101449275361,0.8927536231884059,-0.39855072463768115,92
"You are human
Trust yourself",0.4642857142857143,-0.2519770290738033,0.9997360169988406,0.7477589879250373,0.08928571428571429,0.42430555555555555,-0.32555272108843536,112
"You are human
You are actually facing this
This is not a game",0.16304347826086957,1.0533309911379793,0.35101367945522216,1.4043446705932012,0.6286231884057971,0.7234385783298827,-0.2543478260869565,92
"You are human
You know yourself",0.8376068376068376,-0.5584145577158608,1.1909841209743561,0.6325695632584953,0.33378103378103374,0.4852360602360602,-0.6248338081671415,234
You are human.,0.6875,-0.647633868483668,1.213960241040555,0.566326372556887,0.34404761904761905,0.45569727891156464,-0.6666666666666667,112
"You are human.
Respond only in the requested format.",0.8532110091743119,-0.7012178117437089,1.0992163778108834,0.3979985660671745,0.43730886850152906,0.6079510703363914,-0.7804281345565749,109
"You are human.
Think step by step, then respond in the requested format.",0.15178571428571427,0.5843253283843592,0.6645737043101158,1.2488990326944749,0.48392857142857143,0.5368622448979592,-0.44179421768707483,112
"You are human.
This is not a game.",0.16071428571428573,1.1717126561719078,0.3482738267667396,1.5199864829386474,0.625,0.7761904761904762,-0.27487244897959184,112
"You are human.
This is not a game.
Respond only in the requested format.",0.27884615384615385,1.1697216118637372,0.46923161732221497,1.6389532291859523,0.25641025641025644,0.6898351648351648,-0.29134615384615387,104
"You are human.
This is not a game.
Think step by step, then respond in the requested format.",0.0,1.687655729190348,0.3161201816163498,2.0037759108066977,0.5953983516483516,0.6984268707482993,-0.1546768707482993,112
"You are human.
This is real life.",0.07142857142857142,1.2617336911427197,0.41314950476798246,1.6748831959107022,0.6297619047619047,0.7487244897959184,-0.07653061224489796,112
"You are human.
This is real life.
Respond only in the requested format.",0.5607476635514018,0.43208720926647876,0.5815927029410863,1.013679912207565,0.37383177570093457,0.7408099688473521,-0.5333333333333333,107
"You are human.
This is real life.
Think step by step, then respond in the requested format.",0.0,1.474147505819021,0.26204839037629624,1.7361958961953172,0.4095238095238095,0.7449404761904762,-0.22920918367346937,112
"You are human.
This is real life.
This is not a game.",0.017857142857142856,1.5487329217660304,0.35782802857054585,1.9065609503365764,0.49107142857142855,0.6891156462585034,-0.0421343537414966,112
"You are human.
This is real life.
This is not a game.
Respond only in the requested format.",0.13513513513513514,1.9979590598456831,0.19563115709165857,2.193590216937342,0.3153153153153153,0.8378378378378378,-0.14504504504504506,111
"You are human.
This is real life.
This is not a game.
Think step by step, then respond in the requested format.",0.0,1.340399834497616,0.3043058472955269,1.644705681793143,0.49107142857142855,0.7470238095238095,-0.10178571428571428,112
You are in this situation,0.6818181818181818,-0.5942811037994514,1.1559668714550517,0.5616857676556002,0.24494949494949497,0.42274531024531026,-0.5445887445887446,132
"You are in this situation
This is your choice",0.1893939393939394,1.0354109338544728,0.4125574597975041,1.447968393651977,0.43308080808080807,0.7314935064935064,-0.36226551226551224,132
You are making this choice,1.0,-1.3774679410872377,1.5888258355355374,0.2113578944482998,0.453804347826087,0.5036231884057971,-0.8498188405797101,92
"You are making this choice
This is not a thought experiment",0.9821428571428571,-1.5308564456280702,1.7024587866831922,0.17160234105512198,0.2767857142857143,0.38256802721088434,-0.8552721088435373,112
"You are making this choice
This is not a thought experiment
Your partner is also deciding",0.8913043478260869,-0.6464185595817685,1.036482387278657,0.3900638276968886,0.3423913043478261,0.5256211180124223,-0.7297101449275363,92
"You are making this choice
This is real life
This is not a game",0.09782608695652174,1.0018879992652825,0.40278496558513704,1.4046729648504195,0.44130434782608696,0.7725155279503105,-0.34430641821946173,92
"You are making this choice
This is real life
This is not a game
Respond only in the requested format",0.9534883720930233,-0.6302465177177224,0.92621919832077,0.2959726806030476,0.2868217054263566,0.5150055370985603,-0.8065891472868216,86
"You are making this choice
This situation is happening to you
Consider what is fair",0.4782608695652174,1.181238160888099,0.36850322194665863,1.5497413828347575,0.6209886128364389,0.8718426501035197,0.008074534161490683,92
"You are making this choice
This situation is happening to you
What feels right to you",0.0,1.4534390020065933,0.09835078479628026,1.5517897868028736,0.7681159420289856,0.9152173913043479,0.04420289855072464,92
You are responsible,0.5543478260869565,-0.2799797044250175,1.0371370906562922,0.7571573862312748,0.15217391304347827,0.40948067632850244,-0.5181159420289855,92
You both must choose,0.9021739130434783,-1.1116515523605355,1.5835387166707022,0.4718871643101667,0.42971014492753623,0.45372670807453414,-0.6916149068322981,92
You know yourself,0.9166666666666666,-0.9743597034277108,1.427489549562543,0.45312984613483215,0.23863636363636365,0.41828079328079326,-0.669949494949495,132
You must decide,0.7678571428571429,-0.9617074678419897,1.408731880455419,0.44702441261342923,0.27261904761904765,0.4683673469387755,-0.7204081632653061,112
You must live with this choice,0.9891304347826086,-1.3516912031934878,1.647523008630518,0.2958318054370302,0.22826086956521738,0.38443440617353664,-0.8016304347826086,92
Your accomplice is real,0.6956521739130435,-0.08130025629202137,1.0524915589488137,0.9711913026567922,0.42391304347826086,0.5661490683229813,-0.4120341614906832,92
Your decision has real consequences,0.6071428571428571,-0.1198714052042255,1.0237174692806106,0.9038460640763851,0.3788265306122449,0.5756590136054421,-0.6056547619047619,112
Your decision matters,0.6739130434782609,-0.7200198241118427,1.2994409852141824,0.5794211611023397,0.2391304347826087,0.42315655359133614,-0.6104037267080745,92
Your partner is also deciding,0.6086956521739131,0.1751157367502404,0.9079099485543224,1.0830256853045628,0.7010869565217391,0.5304347826086956,-0.5554347826086957,92
"Your partner is also deciding
You both must choose
Your accomplice is real",0.33035714285714285,1.5720461613645458,0.4757383090124946,2.0477844703770405,0.6964285714285714,0.7318452380952382,-0.38095238095238093,112
